patient,slice,gt_area_px,split
BraTS20_Training_328,33,237,DEV
BraTS20_Training_328,43,1448,DEV
BraTS20_Training_328,54,2345,DEV
BraTS20_Training_328,64,4777,DEV
BraTS20_Training_328,75,6023,DEV
BraTS20_Training_328,85,6267,DEV
BraTS20_Training_328,96,5909,DEV
BraTS20_Training_328,106,4767,DEV
BraTS20_Training_328,117,2223,DEV
BraTS20_Training_328,128,352,DEV
BraTS20_Training_058,36,226,DEV
BraTS20_Training_058,42,845,DEV
BraTS20_Training_058,48,1430,DEV
BraTS20_Training_058,55,2069,DEV
BraTS20_Training_058,61,2557,DEV
BraTS20_Training_058,67,2443,DEV
BraTS20_Training_058,74,2029,DEV
BraTS20_Training_058,80,1690,DEV
BraTS20_Training_058,86,1043,DEV
BraTS20_Training_058,93,227,DEV
BraTS20_Training_013,65,229,DEV
BraTS20_Training_013,69,301,DEV
BraTS20_Training_013,74,1000,DEV
BraTS20_Training_013,79,1540,DEV
BraTS20_Training_013,84,1616,DEV
BraTS20_Training_013,89,1329,DEV
BraTS20_Training_013,94,1220,DEV
BraTS20_Training_013,99,1112,DEV
BraTS20_Training_013,104,578,DEV
BraTS20_Training_013,109,238,DEV
BraTS20_Training_141,91,281,DEV
BraTS20_Training_141,94,495,DEV
BraTS20_Training_141,98,641,DEV
BraTS20_Training_141,102,827,DEV
BraTS20_Training_141,106,805,DEV
BraTS20_Training_141,110,745,DEV
BraTS20_Training_141,114,590,DEV
BraTS20_Training_141,118,481,DEV
BraTS20_Training_141,122,379,DEV
BraTS20_Training_141,126,211,DEV
BraTS20_Training_126,61,299,DEV
BraTS20_Training_126,66,523,DEV
BraTS20_Training_126,71,711,DEV
BraTS20_Training_126,77,815,DEV
BraTS20_Training_126,82,1016,DEV
BraTS20_Training_126,88,1146,DEV
BraTS20_Training_126,93,1073,DEV
BraTS20_Training_126,99,687,DEV
BraTS20_Training_126,104,461,DEV
BraTS20_Training_126,110,235,DEV
BraTS20_Training_115,78,272,TEST
BraTS20_Training_115,84,1208,TEST
BraTS20_Training_115,90,1859,TEST
BraTS20_Training_115,96,2045,TEST
BraTS20_Training_115,102,2156,TEST
BraTS20_Training_115,108,1989,TEST
BraTS20_Training_115,114,2058,TEST
BraTS20_Training_115,120,1847,TEST
BraTS20_Training_115,126,1325,TEST
BraTS20_Training_115,132,422,TEST
BraTS20_Training_072,55,226,TEST
BraTS20_Training_072,62,1386,TEST
BraTS20_Training_072,69,1980,TEST
BraTS20_Training_072,77,1777,TEST
BraTS20_Training_072,84,1849,TEST
BraTS20_Training_072,92,1737,TEST
BraTS20_Training_072,99,1137,TEST
BraTS20_Training_072,107,864,TEST
BraTS20_Training_072,114,704,TEST
BraTS20_Training_072,122,222,TEST
BraTS20_Training_053,49,269,TEST
BraTS20_Training_053,56,1306,TEST
BraTS20_Training_053,64,2372,TEST
BraTS20_Training_053,72,2577,TEST
BraTS20_Training_053,80,2616,TEST
BraTS20_Training_053,88,3112,TEST
BraTS20_Training_053,96,2879,TEST
BraTS20_Training_053,104,2335,TEST
BraTS20_Training_053,112,1263,TEST
BraTS20_Training_053,120,217,TEST
BraTS20_Training_347,74,349,TEST
BraTS20_Training_347,80,1143,TEST
BraTS20_Training_347,87,2309,TEST
BraTS20_Training_347,94,2815,TEST
BraTS20_Training_347,100,2889,TEST
BraTS20_Training_347,107,2481,TEST
BraTS20_Training_347,114,2078,TEST
BraTS20_Training_347,120,1482,TEST
BraTS20_Training_347,127,903,TEST
BraTS20_Training_347,134,288,TEST
BraTS20_Training_280,64,200,TEST
BraTS20_Training_280,68,528,TEST
BraTS20_Training_280,72,953,TEST
BraTS20_Training_280,77,1240,TEST
BraTS20_Training_280,81,1416,TEST
BraTS20_Training_280,85,1407,TEST
BraTS20_Training_280,90,1307,TEST
BraTS20_Training_280,94,1055,TEST
BraTS20_Training_280,98,691,TEST
BraTS20_Training_280,103,258,TEST
BraTS20_Training_045,52,227,TEST
BraTS20_Training_045,59,596,TEST
BraTS20_Training_045,67,1191,TEST
BraTS20_Training_045,75,1876,TEST
BraTS20_Training_045,83,2250,TEST
BraTS20_Training_045,90,2135,TEST
BraTS20_Training_045,98,1895,TEST
BraTS20_Training_045,106,1331,TEST
BraTS20_Training_045,114,863,TEST
BraTS20_Training_045,122,226,TEST
BraTS20_Training_303,82,276,TEST
BraTS20_Training_303,87,396,TEST
BraTS20_Training_303,92,853,TEST
BraTS20_Training_303,97,842,TEST
BraTS20_Training_303,102,1001,TEST
BraTS20_Training_303,107,1057,TEST
BraTS20_Training_303,112,1108,TEST
BraTS20_Training_303,117,912,TEST
BraTS20_Training_303,122,584,TEST
BraTS20_Training_303,127,236,TEST
BraTS20_Training_217,34,227,TEST
BraTS20_Training_217,37,421,TEST
BraTS20_Training_217,41,603,TEST
BraTS20_Training_217,45,736,TEST
BraTS20_Training_217,48,764,TEST
BraTS20_Training_217,52,867,TEST
BraTS20_Training_217,56,788,TEST
BraTS20_Training_217,59,718,TEST
BraTS20_Training_217,63,583,TEST
BraTS20_Training_217,67,246,TEST
BraTS20_Training_017,45,327,TEST
BraTS20_Training_017,52,1091,TEST
BraTS20_Training_017,59,1568,TEST
BraTS20_Training_017,67,2238,TEST
BraTS20_Training_017,74,2239,TEST
BraTS20_Training_017,81,2182,TEST
BraTS20_Training_017,89,1391,TEST
BraTS20_Training_017,96,1316,TEST
BraTS20_Training_017,103,1126,TEST
BraTS20_Training_017,111,227,TEST
BraTS20_Training_016,59,227,TEST
BraTS20_Training_016,66,1203,TEST
BraTS20_Training_016,74,1454,TEST
BraTS20_Training_016,82,2339,TEST
BraTS20_Training_016,90,2995,TEST
BraTS20_Training_016,97,2969,TEST
BraTS20_Training_016,105,2466,TEST
BraTS20_Training_016,113,1900,TEST
BraTS20_Training_016,121,653,TEST
BraTS20_Training_016,129,211,TEST
BraTS20_Training_048,33,223,TEST
BraTS20_Training_048,36,440,TEST
BraTS20_Training_048,40,642,TEST
BraTS20_Training_048,44,968,TEST
BraTS20_Training_048,48,1260,TEST
BraTS20_Training_048,52,1330,TEST
BraTS20_Training_048,56,1025,TEST
BraTS20_Training_048,60,720,TEST
BraTS20_Training_048,64,448,TEST
BraTS20_Training_048,68,230,TEST
BraTS20_Training_112,33,249,TEST
BraTS20_Training_112,40,1076,TEST
BraTS20_Training_112,48,2874,TEST
BraTS20_Training_112,56,3504,TEST
BraTS20_Training_112,63,3747,TEST
BraTS20_Training_112,71,4017,TEST
BraTS20_Training_112,79,2732,TEST
BraTS20_Training_112,86,2318,TEST
BraTS20_Training_112,94,1275,TEST
BraTS20_Training_112,102,286,TEST
BraTS20_Training_120,71,222,TEST
BraTS20_Training_120,78,981,TEST
BraTS20_Training_120,85,2273,TEST
BraTS20_Training_120,92,3068,TEST
BraTS20_Training_120,99,3510,TEST
BraTS20_Training_120,106,3395,TEST
BraTS20_Training_120,113,2343,TEST
BraTS20_Training_120,120,1102,TEST
BraTS20_Training_120,127,488,TEST
BraTS20_Training_120,135,204,TEST
BraTS20_Training_259,70,267,TEST
BraTS20_Training_259,76,1291,TEST
BraTS20_Training_259,82,2272,TEST
BraTS20_Training_259,89,2885,TEST
BraTS20_Training_259,95,3118,TEST
BraTS20_Training_259,102,2876,TEST
BraTS20_Training_259,108,2499,TEST
BraTS20_Training_259,115,1825,TEST
BraTS20_Training_259,121,1191,TEST
BraTS20_Training_259,128,218,TEST
BraTS20_Training_309,26,226,TEST
BraTS20_Training_309,33,901,TEST
BraTS20_Training_309,40,1884,TEST
BraTS20_Training_309,48,2955,TEST
BraTS20_Training_309,55,3614,TEST
BraTS20_Training_309,63,4103,TEST
BraTS20_Training_309,70,3187,TEST
BraTS20_Training_309,78,2431,TEST
BraTS20_Training_309,85,1267,TEST
BraTS20_Training_309,93,218,TEST
