patient,slice,split,method,dice,iou,precision,recall,pred_area,gt_area
BraTS20_Training_013,65,DEV,Global_Otsu,0.0819,0.0427,0.0428,0.9738,5214,229
BraTS20_Training_013,65,DEV,Multi_Otsu_3Class,0.2473,0.1411,0.1485,0.738,1138,229
BraTS20_Training_013,65,DEV,Adaptive_Local,0.0919,0.0482,0.0549,0.2838,1185,229
BraTS20_Training_013,65,DEV,KMeans_K2,0.0841,0.0439,0.044,0.9694,5051,229
BraTS20_Training_013,65,DEV,KMeans_K3,0.2306,0.1303,0.1366,0.738,1237,229
BraTS20_Training_013,65,DEV,KMeans_K4,0.4326,0.276,0.4627,0.4061,201,229
BraTS20_Training_013,69,DEV,Global_Otsu,0.1257,0.067,0.0671,0.9834,4410,301
BraTS20_Training_013,69,DEV,Multi_Otsu_3Class,0.2372,0.1346,0.1509,0.5548,1107,301
BraTS20_Training_013,69,DEV,Adaptive_Local,0.1215,0.0647,0.0762,0.299,1181,301
BraTS20_Training_013,69,DEV,KMeans_K2,0.1257,0.067,0.0671,0.9834,4410,301
BraTS20_Training_013,69,DEV,KMeans_K3,0.2434,0.1386,0.1559,0.5548,1071,301
BraTS20_Training_013,69,DEV,KMeans_K4,0.2427,0.1381,0.2013,0.3056,457,301
BraTS20_Training_013,74,DEV,Global_Otsu,0.4145,0.2615,0.2658,0.941,3540,1000
BraTS20_Training_013,74,DEV,Multi_Otsu_3Class,0.6749,0.5093,0.6949,0.656,944,1000
BraTS20_Training_013,74,DEV,Adaptive_Local,0.274,0.1588,0.2731,0.275,1007,1000
BraTS20_Training_013,74,DEV,KMeans_K2,0.4189,0.2649,0.2694,0.941,3493,1000
BraTS20_Training_013,74,DEV,KMeans_K3,0.6701,0.5039,0.6961,0.646,928,1000
BraTS20_Training_013,74,DEV,KMeans_K4,0.5383,0.3682,0.8491,0.394,464,1000
BraTS20_Training_013,79,DEV,Global_Otsu,0.6785,0.5134,0.5299,0.9429,2740,1540
BraTS20_Training_013,79,DEV,Multi_Otsu_3Class,0.7735,0.6307,0.965,0.6455,1030,1540
BraTS20_Training_013,79,DEV,Adaptive_Local,0.3824,0.2364,0.5376,0.2968,850,1540
BraTS20_Training_013,79,DEV,KMeans_K2,0.6809,0.5162,0.5328,0.9429,2725,1540
BraTS20_Training_013,79,DEV,KMeans_K3,0.7579,0.6102,0.9696,0.6221,988,1540
BraTS20_Training_013,79,DEV,KMeans_K4,0.5797,0.4082,0.9984,0.4084,630,1540
BraTS20_Training_013,84,DEV,Global_Otsu,0.7182,0.5603,0.5808,0.9406,2617,1616
BraTS20_Training_013,84,DEV,Multi_Otsu_3Class,0.7737,0.6309,0.9367,0.659,1137,1616
BraTS20_Training_013,84,DEV,Adaptive_Local,0.1922,0.1063,0.3269,0.1361,673,1616
BraTS20_Training_013,84,DEV,KMeans_K2,0.7158,0.5573,0.5857,0.9202,2539,1616
BraTS20_Training_013,84,DEV,KMeans_K3,0.7737,0.6309,0.9367,0.659,1137,1616
BraTS20_Training_013,84,DEV,KMeans_K4,0.5191,0.3505,0.9211,0.3614,634,1616
BraTS20_Training_013,89,DEV,Global_Otsu,0.5346,0.3648,0.374,0.9368,3329,1329
BraTS20_Training_013,89,DEV,Multi_Otsu_3Class,0.732,0.5773,0.8696,0.6321,966,1329
BraTS20_Training_013,89,DEV,Adaptive_Local,0.3639,0.2224,0.4027,0.3318,1095,1329
BraTS20_Training_013,89,DEV,KMeans_K2,0.5485,0.3779,0.3918,0.9142,3101,1329
BraTS20_Training_013,89,DEV,KMeans_K3,0.7299,0.5747,0.8766,0.6253,948,1329
BraTS20_Training_013,89,DEV,KMeans_K4,0.5938,0.4223,0.9843,0.4251,574,1329
BraTS20_Training_013,94,DEV,Global_Otsu,0.5283,0.359,0.3671,0.9418,3130,1220
BraTS20_Training_013,94,DEV,Multi_Otsu_3Class,0.6049,0.4336,0.8632,0.4656,658,1220
BraTS20_Training_013,94,DEV,Adaptive_Local,0.301,0.1772,0.453,0.2254,607,1220
BraTS20_Training_013,94,DEV,KMeans_K2,0.5392,0.3691,0.3779,0.941,3038,1220
BraTS20_Training_013,94,DEV,KMeans_K3,0.5775,0.406,0.8644,0.4336,612,1220
BraTS20_Training_013,94,DEV,KMeans_K4,0.4959,0.3297,0.8704,0.3467,486,1220
BraTS20_Training_013,99,DEV,Global_Otsu,0.5968,0.4254,0.4313,0.9685,2497,1112
BraTS20_Training_013,99,DEV,Multi_Otsu_3Class,0.7888,0.6512,0.9325,0.6835,815,1112
BraTS20_Training_013,99,DEV,Adaptive_Local,0.3851,0.2385,0.4367,0.3444,877,1112
BraTS20_Training_013,99,DEV,KMeans_K2,0.6325,0.4626,0.47,0.9667,2287,1112
BraTS20_Training_013,99,DEV,KMeans_K3,0.785,0.6461,0.932,0.6781,809,1112
BraTS20_Training_013,99,DEV,KMeans_K4,0.7032,0.5423,1.0,0.5423,603,1112
BraTS20_Training_013,104,DEV,Global_Otsu,0.349,0.2114,0.2118,0.9913,2706,578
BraTS20_Training_013,104,DEV,Multi_Otsu_3Class,0.8931,0.8068,0.9854,0.8166,479,578
BraTS20_Training_013,104,DEV,Adaptive_Local,0.471,0.308,0.3951,0.583,853,578
BraTS20_Training_013,104,DEV,KMeans_K2,0.3534,0.2146,0.215,0.9913,2665,578
BraTS20_Training_013,104,DEV,KMeans_K3,0.8941,0.8085,0.9854,0.8183,480,578
BraTS20_Training_013,104,DEV,KMeans_K4,0.7255,0.5692,1.0,0.5692,329,578
BraTS20_Training_013,109,DEV,Global_Otsu,0.151,0.0816,0.0817,0.9958,2902,238
BraTS20_Training_013,109,DEV,Multi_Otsu_3Class,0.6537,0.4855,0.4886,0.9874,481,238
BraTS20_Training_013,109,DEV,Adaptive_Local,0.3529,0.2143,0.2513,0.5924,561,238
BraTS20_Training_013,109,DEV,KMeans_K2,0.1572,0.0853,0.0853,0.9958,2777,238
BraTS20_Training_013,109,DEV,KMeans_K3,0.6638,0.4968,0.5,0.9874,470,238
BraTS20_Training_013,109,DEV,KMeans_K4,0.833,0.7138,0.8178,0.8487,247,238
BraTS20_Training_016,59,TEST,Global_Otsu,0.0735,0.0381,0.0381,1.0,5951,227
BraTS20_Training_016,59,TEST,Multi_Otsu_3Class,0.156,0.0846,0.0854,0.9031,2401,227
BraTS20_Training_016,59,TEST,Adaptive_Local,0.0799,0.0416,0.0438,0.4493,2327,227
BraTS20_Training_016,59,TEST,KMeans_K2,0.0746,0.0388,0.0388,1.0,5856,227
BraTS20_Training_016,59,TEST,KMeans_K3,0.1621,0.0882,0.0891,0.9031,2302,227
BraTS20_Training_016,59,TEST,KMeans_K4,0.2923,0.1712,0.1757,0.8678,1121,227
BraTS20_Training_016,66,TEST,Global_Otsu,0.3258,0.1946,0.1949,0.9933,6132,1203
BraTS20_Training_016,66,TEST,Multi_Otsu_3Class,0.786,0.6475,0.6883,0.916,1601,1203
BraTS20_Training_016,66,TEST,Adaptive_Local,0.2692,0.1555,0.2047,0.3932,2311,1203
BraTS20_Training_016,66,TEST,KMeans_K2,0.3361,0.202,0.2022,0.9933,5909,1203
BraTS20_Training_016,66,TEST,KMeans_K3,0.7881,0.6503,0.6939,0.9119,1581,1203
BraTS20_Training_016,66,TEST,KMeans_K4,0.8689,0.7682,0.9946,0.7714,933,1203
BraTS20_Training_016,74,TEST,Global_Otsu,0.578,0.4065,0.4085,0.9876,3515,1454
BraTS20_Training_016,74,TEST,Multi_Otsu_3Class,0.8143,0.6867,0.9599,0.707,1071,1454
BraTS20_Training_016,74,TEST,Adaptive_Local,0.1902,0.1051,0.1717,0.2132,1806,1454
BraTS20_Training_016,74,TEST,KMeans_K2,0.578,0.4065,0.4085,0.9876,3515,1454
BraTS20_Training_016,74,TEST,KMeans_K3,0.8086,0.6787,0.9594,0.6988,1059,1454
BraTS20_Training_016,74,TEST,KMeans_K4,0.7075,0.5474,0.961,0.5598,847,1454
BraTS20_Training_016,82,TEST,Global_Otsu,0.9062,0.8285,0.8994,0.9132,2375,2339
BraTS20_Training_016,82,TEST,Multi_Otsu_3Class,0.8439,0.7299,0.9971,0.7315,1716,2339
BraTS20_Training_016,82,TEST,Adaptive_Local,0.3252,0.1942,0.3783,0.2852,1763,2339
BraTS20_Training_016,82,TEST,KMeans_K2,0.9062,0.8285,0.8994,0.9132,2375,2339
BraTS20_Training_016,82,TEST,KMeans_K3,0.839,0.7227,0.9971,0.7242,1699,2339
BraTS20_Training_016,82,TEST,KMeans_K4,0.6809,0.5162,0.9992,0.5165,1209,2339
BraTS20_Training_016,90,TEST,Global_Otsu,0.9233,0.8575,0.9329,0.9139,2934,2995
BraTS20_Training_016,90,TEST,Multi_Otsu_3Class,0.6547,0.4867,0.9952,0.4878,1468,2995
BraTS20_Training_016,90,TEST,Adaptive_Local,0.4366,0.2793,0.6124,0.3392,1659,2995
BraTS20_Training_016,90,TEST,KMeans_K2,0.9227,0.8564,0.9376,0.9082,2901,2995
BraTS20_Training_016,90,TEST,KMeans_K3,0.6526,0.4843,0.9952,0.4855,1461,2995
BraTS20_Training_016,90,TEST,KMeans_K4,0.4739,0.3105,1.0,0.3105,930,2995
BraTS20_Training_016,97,TEST,Global_Otsu,0.8992,0.8168,0.9718,0.8366,2556,2969
BraTS20_Training_016,97,TEST,Multi_Otsu_3Class,0.7042,0.5434,0.9914,0.546,1635,2969
BraTS20_Training_016,97,TEST,Adaptive_Local,0.3974,0.248,0.6891,0.2792,1203,2969
BraTS20_Training_016,97,TEST,KMeans_K2,0.8923,0.8055,0.9726,0.8242,2516,2969
BraTS20_Training_016,97,TEST,KMeans_K3,0.694,0.5313,0.9912,0.5338,1599,2969
BraTS20_Training_016,97,TEST,KMeans_K4,0.4426,0.2842,0.9988,0.2843,845,2969
BraTS20_Training_016,105,TEST,Global_Otsu,0.8868,0.7967,0.9054,0.869,2367,2466
BraTS20_Training_016,105,TEST,Multi_Otsu_3Class,0.8331,0.714,0.9633,0.734,1879,2466
BraTS20_Training_016,105,TEST,Adaptive_Local,0.3219,0.1918,0.4315,0.2567,1467,2466
BraTS20_Training_016,105,TEST,KMeans_K2,0.8874,0.7975,0.9119,0.8642,2337,2466
BraTS20_Training_016,105,TEST,KMeans_K3,0.8216,0.6972,0.965,0.7153,1828,2466
BraTS20_Training_016,105,TEST,KMeans_K4,0.5773,0.4058,0.9872,0.4079,1019,2466
BraTS20_Training_016,113,TEST,Global_Otsu,0.8646,0.7616,0.8311,0.9011,2060,1900
BraTS20_Training_016,113,TEST,Multi_Otsu_3Class,0.7931,0.6571,0.8965,0.7111,1507,1900
BraTS20_Training_016,113,TEST,Adaptive_Local,0.4317,0.2752,0.5042,0.3774,1422,1900
BraTS20_Training_016,113,TEST,KMeans_K2,0.8598,0.7541,0.8349,0.8863,2017,1900
BraTS20_Training_016,113,TEST,KMeans_K3,0.7927,0.6566,0.8964,0.7105,1506,1900
BraTS20_Training_016,113,TEST,KMeans_K4,0.468,0.3055,0.9353,0.3121,634,1900
BraTS20_Training_016,121,TEST,Global_Otsu,0.4848,0.3199,0.3199,1.0,2041,653
BraTS20_Training_016,121,TEST,Multi_Otsu_3Class,0.7334,0.579,0.6095,0.9204,986,653
BraTS20_Training_016,121,TEST,Adaptive_Local,0.3237,0.1931,0.246,0.4732,1256,653
BraTS20_Training_016,121,TEST,KMeans_K2,0.496,0.3298,0.3298,1.0,1980,653
BraTS20_Training_016,121,TEST,KMeans_K3,0.734,0.5798,0.6064,0.9296,1001,653
BraTS20_Training_016,121,TEST,KMeans_K4,0.7288,0.5733,0.7211,0.7366,667,653
BraTS20_Training_016,129,TEST,Global_Otsu,0.1724,0.0943,0.0943,1.0,2237,211
BraTS20_Training_016,129,TEST,Multi_Otsu_3Class,0.6571,0.4893,0.5289,0.8673,346,211
BraTS20_Training_016,129,TEST,Adaptive_Local,0.1871,0.1032,0.1589,0.2275,302,211
BraTS20_Training_016,129,TEST,KMeans_K2,0.1734,0.0949,0.0949,1.0,2223,211
BraTS20_Training_016,129,TEST,KMeans_K3,0.6498,0.4813,0.5248,0.8531,343,211
BraTS20_Training_016,129,TEST,KMeans_K4,0.1415,0.0761,0.22,0.1043,100,211
BraTS20_Training_017,45,TEST,Global_Otsu,0.1832,0.1008,0.1018,0.9113,2927,327
BraTS20_Training_017,45,TEST,Multi_Otsu_3Class,0.4545,0.2941,0.4366,0.474,355,327
BraTS20_Training_017,45,TEST,Adaptive_Local,0.3545,0.2155,0.2356,0.7156,993,327
BraTS20_Training_017,45,TEST,KMeans_K2,0.1819,0.1,0.101,0.9113,2950,327
BraTS20_Training_017,45,TEST,KMeans_K3,0.451,0.2912,0.438,0.4648,347,327
BraTS20_Training_017,45,TEST,KMeans_K4,0.4272,0.2716,0.4536,0.4037,291,327
BraTS20_Training_017,52,TEST,Global_Otsu,0.5755,0.404,0.4155,0.9358,2457,1091
BraTS20_Training_017,52,TEST,Multi_Otsu_3Class,0.7022,0.5411,0.7688,0.6462,917,1091
BraTS20_Training_017,52,TEST,Adaptive_Local,0.3909,0.243,0.3869,0.3951,1114,1091
BraTS20_Training_017,52,TEST,KMeans_K2,0.5622,0.391,0.4018,0.9358,2541,1091
BraTS20_Training_017,52,TEST,KMeans_K3,0.6882,0.5246,0.764,0.626,894,1091
BraTS20_Training_017,52,TEST,KMeans_K4,0.5489,0.3783,0.7372,0.4372,647,1091
BraTS20_Training_017,59,TEST,Global_Otsu,0.5717,0.4002,0.4174,0.9069,3407,1568
BraTS20_Training_017,59,TEST,Multi_Otsu_3Class,0.744,0.5924,0.8929,0.6378,1120,1568
BraTS20_Training_017,59,TEST,Adaptive_Local,0.368,0.2255,0.3485,0.3897,1753,1568
BraTS20_Training_017,59,TEST,KMeans_K2,0.5718,0.4003,0.4175,0.9069,3406,1568
BraTS20_Training_017,59,TEST,KMeans_K3,0.7445,0.593,0.893,0.6384,1121,1568
BraTS20_Training_017,59,TEST,KMeans_K4,0.6009,0.4295,0.9163,0.4471,765,1568
BraTS20_Training_017,67,TEST,Global_Otsu,0.8113,0.6826,0.7001,0.9647,3084,2238
BraTS20_Training_017,67,TEST,Multi_Otsu_3Class,0.8469,0.7345,0.9869,0.7417,1682,2238
BraTS20_Training_017,67,TEST,Adaptive_Local,0.3017,0.1777,0.3465,0.2672,1726,2238
BraTS20_Training_017,67,TEST,KMeans_K2,0.8109,0.682,0.7087,0.9477,2993,2238
BraTS20_Training_017,67,TEST,KMeans_K3,0.8383,0.7217,0.9867,0.7288,1653,2238
BraTS20_Training_017,67,TEST,KMeans_K4,0.7608,0.6139,0.9964,0.6153,1382,2238
BraTS20_Training_017,74,TEST,Global_Otsu,0.8732,0.7749,0.7927,0.9719,2745,2239
BraTS20_Training_017,74,TEST,Multi_Otsu_3Class,0.8161,0.6893,0.9752,0.7017,1611,2239
BraTS20_Training_017,74,TEST,Adaptive_Local,0.2816,0.1639,0.3977,0.218,1227,2239
BraTS20_Training_017,74,TEST,KMeans_K2,0.8756,0.7788,0.8001,0.9669,2706,2239
BraTS20_Training_017,74,TEST,KMeans_K3,0.8171,0.6908,0.9746,0.7034,1616,2239
BraTS20_Training_017,74,TEST,KMeans_K4,0.6651,0.4982,0.9938,0.4998,1126,2239
BraTS20_Training_017,81,TEST,Global_Otsu,0.9056,0.8275,0.8495,0.9698,2491,2182
BraTS20_Training_017,81,TEST,Multi_Otsu_3Class,0.8829,0.7904,0.9622,0.8158,1850,2182
BraTS20_Training_017,81,TEST,Adaptive_Local,0.3413,0.2058,0.3739,0.3139,1832,2182
BraTS20_Training_017,81,TEST,KMeans_K2,0.9006,0.8191,0.8538,0.9528,2435,2182
BraTS20_Training_017,81,TEST,KMeans_K3,0.8829,0.7904,0.9622,0.8158,1850,2182
BraTS20_Training_017,81,TEST,KMeans_K4,0.8248,0.7018,0.978,0.7131,1591,2182
BraTS20_Training_017,89,TEST,Global_Otsu,0.8868,0.7966,0.8301,0.9518,1595,1391
BraTS20_Training_017,89,TEST,Multi_Otsu_3Class,0.8623,0.758,0.9098,0.8196,1253,1391
BraTS20_Training_017,89,TEST,Adaptive_Local,0.3675,0.2251,0.3411,0.3983,1624,1391
BraTS20_Training_017,89,TEST,KMeans_K2,0.8873,0.7974,0.8405,0.9396,1555,1391
BraTS20_Training_017,89,TEST,KMeans_K3,0.8556,0.7477,0.91,0.8073,1234,1391
BraTS20_Training_017,89,TEST,KMeans_K4,0.8292,0.7083,0.989,0.7139,1004,1391
BraTS20_Training_017,96,TEST,Global_Otsu,0.834,0.7152,0.7589,0.9255,1605,1316
BraTS20_Training_017,96,TEST,Multi_Otsu_3Class,0.8646,0.7615,0.9873,0.769,1025,1316
BraTS20_Training_017,96,TEST,Adaptive_Local,0.3811,0.2354,0.4679,0.3214,904,1316
BraTS20_Training_017,96,TEST,KMeans_K2,0.8508,0.7404,0.8022,0.9058,1486,1316
BraTS20_Training_017,96,TEST,KMeans_K3,0.8617,0.757,0.9872,0.7644,1019,1316
BraTS20_Training_017,96,TEST,KMeans_K4,0.8306,0.7103,0.9937,0.7135,945,1316
BraTS20_Training_017,103,TEST,Global_Otsu,0.6943,0.5317,0.5511,0.9378,1916,1126
BraTS20_Training_017,103,TEST,Multi_Otsu_3Class,0.7863,0.6478,0.9946,0.6501,736,1126
BraTS20_Training_017,103,TEST,Adaptive_Local,0.3396,0.2045,0.3822,0.3055,900,1126
BraTS20_Training_017,103,TEST,KMeans_K2,0.6943,0.5317,0.5511,0.9378,1916,1126
BraTS20_Training_017,103,TEST,KMeans_K3,0.7817,0.6416,0.9945,0.6439,729,1126
BraTS20_Training_017,103,TEST,KMeans_K4,0.7511,0.6014,0.9956,0.603,682,1126
BraTS20_Training_017,111,TEST,Global_Otsu,0.0909,0.0476,0.048,0.8634,4084,227
BraTS20_Training_017,111,TEST,Multi_Otsu_3Class,0.3412,0.2057,0.2129,0.859,916,227
BraTS20_Training_017,111,TEST,Adaptive_Local,0.2424,0.1379,0.1491,0.6476,986,227
BraTS20_Training_017,111,TEST,KMeans_K2,0.0984,0.0517,0.0522,0.8634,3758,227
BraTS20_Training_017,111,TEST,KMeans_K3,0.3412,0.2057,0.2132,0.8546,910,227
BraTS20_Training_017,111,TEST,KMeans_K4,0.5704,0.399,0.492,0.6784,313,227
BraTS20_Training_045,52,TEST,Global_Otsu,0.0908,0.0476,0.0478,0.9075,4308,227
BraTS20_Training_045,52,TEST,Multi_Otsu_3Class,0.2049,0.1141,0.1256,0.5551,1003,227
BraTS20_Training_045,52,TEST,Adaptive_Local,0.0508,0.026,0.0304,0.1542,1152,227
BraTS20_Training_045,52,TEST,KMeans_K2,0.0908,0.0476,0.0478,0.9075,4308,227
BraTS20_Training_045,52,TEST,KMeans_K3,0.2087,0.1165,0.1278,0.5683,1009,227
BraTS20_Training_045,52,TEST,KMeans_K4,0.0,0.0,0.0,0.0,67,227
BraTS20_Training_045,59,TEST,Global_Otsu,0.2441,0.139,0.1398,0.9631,4107,596
BraTS20_Training_045,59,TEST,Multi_Otsu_3Class,0.4778,0.3139,0.347,0.7668,1317,596
BraTS20_Training_045,59,TEST,Adaptive_Local,0.1717,0.0939,0.1216,0.2919,1431,596
BraTS20_Training_045,59,TEST,KMeans_K2,0.2441,0.139,0.1398,0.9631,4107,596
BraTS20_Training_045,59,TEST,KMeans_K3,0.5642,0.3929,0.4463,0.7668,1024,596
BraTS20_Training_045,59,TEST,KMeans_K4,0.7724,0.6292,0.8697,0.6946,476,596
BraTS20_Training_045,67,TEST,Global_Otsu,0.4329,0.2763,0.2835,0.916,3849,1191
BraTS20_Training_045,67,TEST,Multi_Otsu_3Class,0.7133,0.5544,0.649,0.7918,1453,1191
BraTS20_Training_045,67,TEST,Adaptive_Local,0.331,0.1983,0.2817,0.4013,1697,1191
BraTS20_Training_045,67,TEST,KMeans_K2,0.4353,0.2782,0.2856,0.9152,3817,1191
BraTS20_Training_045,67,TEST,KMeans_K3,0.72,0.5625,0.6643,0.7859,1409,1191
BraTS20_Training_045,67,TEST,KMeans_K4,0.5861,0.4146,0.994,0.4156,498,1191
BraTS20_Training_045,75,TEST,Global_Otsu,0.6294,0.4592,0.4824,0.9051,3520,1876
BraTS20_Training_045,75,TEST,Multi_Otsu_3Class,0.7878,0.6499,0.9879,0.6551,1244,1876
BraTS20_Training_045,75,TEST,Adaptive_Local,0.3698,0.2268,0.4334,0.3225,1396,1876
BraTS20_Training_045,75,TEST,KMeans_K2,0.6313,0.4612,0.4834,0.9094,3529,1876
BraTS20_Training_045,75,TEST,KMeans_K3,0.787,0.6489,0.9879,0.6541,1242,1876
BraTS20_Training_045,75,TEST,KMeans_K4,0.6144,0.4434,0.994,0.4446,839,1876
BraTS20_Training_045,83,TEST,Global_Otsu,0.839,0.7227,0.7375,0.9729,2968,2250
BraTS20_Training_045,83,TEST,Multi_Otsu_3Class,0.7807,0.6402,0.9952,0.6422,1452,2250
BraTS20_Training_045,83,TEST,Adaptive_Local,0.3018,0.1777,0.4318,0.232,1209,2250
BraTS20_Training_045,83,TEST,KMeans_K2,0.839,0.7227,0.7375,0.9729,2968,2250
BraTS20_Training_045,83,TEST,KMeans_K3,0.7827,0.643,0.9945,0.6453,1460,2250
BraTS20_Training_045,83,TEST,KMeans_K4,0.6448,0.4758,0.9991,0.476,1072,2250
BraTS20_Training_045,90,TEST,Global_Otsu,0.801,0.6681,0.6978,0.94,2876,2135
BraTS20_Training_045,90,TEST,Multi_Otsu_3Class,0.818,0.6921,0.9797,0.7021,1530,2135
BraTS20_Training_045,90,TEST,Adaptive_Local,0.2218,0.1248,0.2882,0.1803,1336,2135
BraTS20_Training_045,90,TEST,KMeans_K2,0.801,0.6681,0.6978,0.94,2876,2135
BraTS20_Training_045,90,TEST,KMeans_K3,0.8206,0.6958,0.9798,0.7059,1538,2135
BraTS20_Training_045,90,TEST,KMeans_K4,0.6729,0.507,0.9918,0.5091,1096,2135
BraTS20_Training_045,98,TEST,Global_Otsu,0.9173,0.8472,0.8688,0.9715,2119,1895
BraTS20_Training_045,98,TEST,Multi_Otsu_3Class,0.78,0.6393,0.9967,0.6406,1218,1895
BraTS20_Training_045,98,TEST,Adaptive_Local,0.3517,0.2133,0.4981,0.2718,1034,1895
BraTS20_Training_045,98,TEST,KMeans_K2,0.9172,0.8471,0.8692,0.971,2117,1895
BraTS20_Training_045,98,TEST,KMeans_K3,0.7803,0.6398,0.9967,0.6412,1219,1895
BraTS20_Training_045,98,TEST,KMeans_K4,0.5361,0.3662,0.9957,0.3668,698,1895
BraTS20_Training_045,106,TEST,Global_Otsu,0.9005,0.819,0.9289,0.8738,1252,1331
BraTS20_Training_045,106,TEST,Multi_Otsu_3Class,0.7658,0.6205,0.994,0.6228,834,1331
BraTS20_Training_045,106,TEST,Adaptive_Local,0.4387,0.281,0.5711,0.3561,830,1331
BraTS20_Training_045,106,TEST,KMeans_K2,0.8996,0.8175,0.9295,0.8715,1248,1331
BraTS20_Training_045,106,TEST,KMeans_K3,0.7561,0.6078,0.9939,0.6101,817,1331
BraTS20_Training_045,106,TEST,KMeans_K4,0.703,0.542,0.9986,0.5424,723,1331
BraTS20_Training_045,114,TEST,Global_Otsu,0.9241,0.8589,0.9707,0.8818,784,863
BraTS20_Training_045,114,TEST,Multi_Otsu_3Class,0.8324,0.713,0.9984,0.7138,617,863
BraTS20_Training_045,114,TEST,Adaptive_Local,0.5243,0.3553,0.6156,0.4565,640,863
BraTS20_Training_045,114,TEST,KMeans_K2,0.9234,0.8576,0.9718,0.8795,781,863
BraTS20_Training_045,114,TEST,KMeans_K3,0.8316,0.7118,0.9984,0.7126,616,863
BraTS20_Training_045,114,TEST,KMeans_K4,0.7922,0.6559,1.0,0.6559,566,863
BraTS20_Training_045,122,TEST,Global_Otsu,0.1635,0.089,0.089,1.0,2539,226
BraTS20_Training_045,122,TEST,Multi_Otsu_3Class,0.7985,0.6646,0.6903,0.9469,310,226
BraTS20_Training_045,122,TEST,Adaptive_Local,0.5786,0.4071,0.5498,0.6106,251,226
BraTS20_Training_045,122,TEST,KMeans_K2,0.1638,0.0892,0.0892,1.0,2534,226
BraTS20_Training_045,122,TEST,KMeans_K3,0.7985,0.6646,0.6903,0.9469,310,226
BraTS20_Training_045,122,TEST,KMeans_K4,0.7394,0.5865,0.9267,0.615,150,226
BraTS20_Training_048,33,TEST,Global_Otsu,0.0,0.0,0.0,0.0,2266,223
BraTS20_Training_048,33,TEST,Multi_Otsu_3Class,0.0,0.0,0.0,0.0,467,223
BraTS20_Training_048,33,TEST,Adaptive_Local,0.0,0.0,0.0,0.0,390,223
BraTS20_Training_048,33,TEST,KMeans_K2,0.0,0.0,0.0,0.0,2266,223
BraTS20_Training_048,33,TEST,KMeans_K3,0.0,0.0,0.0,0.0,411,223
BraTS20_Training_048,33,TEST,KMeans_K4,0.0,0.0,0.0,0.0,62,223
BraTS20_Training_048,36,TEST,Global_Otsu,0.1982,0.11,0.1111,0.9205,3646,440
BraTS20_Training_048,36,TEST,Multi_Otsu_3Class,0.3407,0.2053,0.2266,0.6864,1333,440
BraTS20_Training_048,36,TEST,Adaptive_Local,0.1071,0.0566,0.0801,0.1614,886,440
BraTS20_Training_048,36,TEST,KMeans_K2,0.2003,0.1113,0.1124,0.9205,3603,440
BraTS20_Training_048,36,TEST,KMeans_K3,0.3412,0.2057,0.2271,0.6864,1330,440
BraTS20_Training_048,36,TEST,KMeans_K4,0.4748,0.3113,0.4032,0.5773,630,440
BraTS20_Training_048,40,TEST,Global_Otsu,0.2157,0.1209,0.1227,0.891,4661,642
BraTS20_Training_048,40,TEST,Multi_Otsu_3Class,0.4397,0.2818,0.3336,0.6449,1241,642
BraTS20_Training_048,40,TEST,Adaptive_Local,0.1575,0.0855,0.1188,0.2336,1263,642
BraTS20_Training_048,40,TEST,KMeans_K2,0.2174,0.122,0.1238,0.891,4619,642
BraTS20_Training_048,40,TEST,KMeans_K3,0.4544,0.294,0.3546,0.6324,1145,642
BraTS20_Training_048,40,TEST,KMeans_K4,0.5473,0.3767,0.9878,0.3785,246,642
BraTS20_Training_048,44,TEST,Global_Otsu,0.3665,0.2243,0.2332,0.8554,3551,968
BraTS20_Training_048,44,TEST,Multi_Otsu_3Class,0.6069,0.4357,0.7796,0.4969,617,968
BraTS20_Training_048,44,TEST,Adaptive_Local,0.2236,0.1259,0.2422,0.2076,830,968
BraTS20_Training_048,44,TEST,KMeans_K2,0.3713,0.228,0.2375,0.8512,3470,968
BraTS20_Training_048,44,TEST,KMeans_K3,0.6193,0.4485,0.7254,0.5403,721,968
BraTS20_Training_048,44,TEST,KMeans_K4,0.4934,0.3275,1.0,0.3275,317,968
BraTS20_Training_048,48,TEST,Global_Otsu,0.4527,0.2926,0.3005,0.9175,3847,1260
BraTS20_Training_048,48,TEST,Multi_Otsu_3Class,0.6267,0.4563,0.7058,0.5635,1006,1260
BraTS20_Training_048,48,TEST,Adaptive_Local,0.2062,0.1149,0.2215,0.1929,1097,1260
BraTS20_Training_048,48,TEST,KMeans_K2,0.4588,0.2977,0.3059,0.9175,3779,1260
BraTS20_Training_048,48,TEST,KMeans_K3,0.6269,0.4565,0.7076,0.5627,1002,1260
BraTS20_Training_048,48,TEST,KMeans_K4,0.2763,0.1603,1.0,0.1603,202,1260
BraTS20_Training_048,52,TEST,Global_Otsu,0.4433,0.2848,0.2914,0.9263,4228,1330
BraTS20_Training_048,52,TEST,Multi_Otsu_3Class,0.6173,0.4464,0.7115,0.5451,1019,1330
BraTS20_Training_048,52,TEST,Adaptive_Local,0.1065,0.0562,0.1427,0.085,792,1330
BraTS20_Training_048,52,TEST,KMeans_K2,0.4458,0.2868,0.2955,0.9075,4085,1330
BraTS20_Training_048,52,TEST,KMeans_K3,0.6246,0.4542,0.7144,0.5549,1033,1330
BraTS20_Training_048,52,TEST,KMeans_K4,0.275,0.1594,1.0,0.1594,212,1330
BraTS20_Training_048,56,TEST,Global_Otsu,0.4362,0.2789,0.2958,0.8302,2877,1025
BraTS20_Training_048,56,TEST,Multi_Otsu_3Class,0.605,0.4337,0.6388,0.5746,922,1025
BraTS20_Training_048,56,TEST,Adaptive_Local,0.3532,0.2145,0.374,0.3346,917,1025
BraTS20_Training_048,56,TEST,KMeans_K2,0.4404,0.2824,0.3001,0.8273,2826,1025
BraTS20_Training_048,56,TEST,KMeans_K3,0.6348,0.465,0.7613,0.5444,733,1025
BraTS20_Training_048,56,TEST,KMeans_K4,0.5252,0.3561,1.0,0.3561,365,1025
BraTS20_Training_048,60,TEST,Global_Otsu,0.2265,0.1277,0.1309,0.8403,4621,720
BraTS20_Training_048,60,TEST,Multi_Otsu_3Class,0.4658,0.3036,0.4077,0.5431,959,720
BraTS20_Training_048,60,TEST,Adaptive_Local,0.2186,0.1227,0.1629,0.3319,1467,720
BraTS20_Training_048,60,TEST,KMeans_K2,0.2251,0.1268,0.1303,0.825,4557,720
BraTS20_Training_048,60,TEST,KMeans_K3,0.4512,0.2913,0.3831,0.5486,1031,720
BraTS20_Training_048,60,TEST,KMeans_K4,0.4476,0.2883,0.5645,0.3708,473,720
BraTS20_Training_048,64,TEST,Global_Otsu,0.1481,0.08,0.0812,0.846,4669,448
BraTS20_Training_048,64,TEST,Multi_Otsu_3Class,0.2315,0.1309,0.1633,0.3973,1090,448
BraTS20_Training_048,64,TEST,Adaptive_Local,0.0627,0.0324,0.0546,0.0737,604,448
BraTS20_Training_048,64,TEST,KMeans_K2,0.1516,0.082,0.0833,0.8393,4512,448
BraTS20_Training_048,64,TEST,KMeans_K3,0.2295,0.1296,0.1621,0.3929,1086,448
BraTS20_Training_048,64,TEST,KMeans_K4,0.1718,0.0939,0.2469,0.1317,239,448
BraTS20_Training_048,68,TEST,Global_Otsu,0.0621,0.032,0.0322,0.8478,6053,230
BraTS20_Training_048,68,TEST,Multi_Otsu_3Class,0.192,0.1062,0.1176,0.5217,1020,230
BraTS20_Training_048,68,TEST,Adaptive_Local,0.026,0.0132,0.0158,0.0739,1079,230
BraTS20_Training_048,68,TEST,KMeans_K2,0.0661,0.0342,0.0344,0.8435,5639,230
BraTS20_Training_048,68,TEST,KMeans_K3,0.1839,0.1013,0.1116,0.5217,1075,230
BraTS20_Training_048,68,TEST,KMeans_K4,0.0686,0.0355,0.0567,0.087,353,230
BraTS20_Training_053,49,TEST,Global_Otsu,0.0952,0.05,0.05,0.9963,5360,269
BraTS20_Training_053,49,TEST,Multi_Otsu_3Class,0.2579,0.148,0.152,0.8513,1507,269
BraTS20_Training_053,49,TEST,Adaptive_Local,0.1828,0.1006,0.1073,0.6171,1547,269
BraTS20_Training_053,49,TEST,KMeans_K2,0.097,0.051,0.051,0.9963,5254,269
BraTS20_Training_053,49,TEST,KMeans_K3,0.2586,0.1485,0.1525,0.8513,1502,269
BraTS20_Training_053,49,TEST,KMeans_K4,0.4901,0.3246,0.3564,0.7844,592,269
BraTS20_Training_053,56,TEST,Global_Otsu,0.4953,0.3292,0.3367,0.9364,3632,1306
BraTS20_Training_053,56,TEST,Multi_Otsu_3Class,0.8018,0.6692,0.9737,0.6815,914,1306
BraTS20_Training_053,56,TEST,Adaptive_Local,0.2346,0.1329,0.2271,0.2427,1396,1306
BraTS20_Training_053,56,TEST,KMeans_K2,0.5125,0.3445,0.3528,0.9364,3467,1306
BraTS20_Training_053,56,TEST,KMeans_K3,0.785,0.6461,0.9907,0.6501,857,1306
BraTS20_Training_053,56,TEST,KMeans_K4,0.6289,0.4587,1.0,0.4587,599,1306
BraTS20_Training_053,64,TEST,Global_Otsu,0.9145,0.8424,0.9116,0.9174,2387,2372
BraTS20_Training_053,64,TEST,Multi_Otsu_3Class,0.859,0.7528,0.9874,0.7601,1826,2372
BraTS20_Training_053,64,TEST,Adaptive_Local,0.2115,0.1183,0.2936,0.1653,1335,2372
BraTS20_Training_053,64,TEST,KMeans_K2,0.9145,0.8424,0.9116,0.9174,2387,2372
BraTS20_Training_053,64,TEST,KMeans_K3,0.859,0.7528,0.9874,0.7601,1826,2372
BraTS20_Training_053,64,TEST,KMeans_K4,0.8113,0.6825,0.9945,0.6851,1634,2372
BraTS20_Training_053,72,TEST,Global_Otsu,0.9061,0.8283,0.9214,0.8913,2493,2577
BraTS20_Training_053,72,TEST,Multi_Otsu_3Class,0.8025,0.6701,0.9864,0.6764,1767,2577
BraTS20_Training_053,72,TEST,Adaptive_Local,0.4155,0.2622,0.518,0.3469,1726,2577
BraTS20_Training_053,72,TEST,KMeans_K2,0.9078,0.8312,0.9258,0.8906,2479,2577
BraTS20_Training_053,72,TEST,KMeans_K3,0.7996,0.6662,0.9886,0.6713,1750,2577
BraTS20_Training_053,72,TEST,KMeans_K4,0.718,0.5601,0.9918,0.5627,1462,2577
BraTS20_Training_053,80,TEST,Global_Otsu,0.8959,0.8115,0.9422,0.854,2371,2616
BraTS20_Training_053,80,TEST,Multi_Otsu_3Class,0.7362,0.5825,0.9941,0.5845,1538,2616
BraTS20_Training_053,80,TEST,Adaptive_Local,0.3845,0.238,0.6141,0.2798,1192,2616
BraTS20_Training_053,80,TEST,KMeans_K2,0.8957,0.8111,0.9422,0.8536,2370,2616
BraTS20_Training_053,80,TEST,KMeans_K3,0.7352,0.5813,0.9941,0.5833,1535,2616
BraTS20_Training_053,80,TEST,KMeans_K4,0.6837,0.5195,0.9956,0.5206,1368,2616
BraTS20_Training_053,88,TEST,Global_Otsu,0.8731,0.7748,0.8975,0.8499,2947,3112
BraTS20_Training_053,88,TEST,Multi_Otsu_3Class,0.7293,0.5739,0.9934,0.5762,1805,3112
BraTS20_Training_053,88,TEST,Adaptive_Local,0.2845,0.1659,0.5016,0.1986,1232,3112
BraTS20_Training_053,88,TEST,KMeans_K2,0.8729,0.7745,0.8975,0.8496,2946,3112
BraTS20_Training_053,88,TEST,KMeans_K3,0.7246,0.5682,0.9933,0.5704,1787,3112
BraTS20_Training_053,88,TEST,KMeans_K4,0.6511,0.4827,0.9934,0.4843,1517,3112
BraTS20_Training_053,96,TEST,Global_Otsu,0.869,0.7684,0.992,0.7732,2244,2879
BraTS20_Training_053,96,TEST,Multi_Otsu_3Class,0.812,0.6834,0.999,0.6839,1971,2879
BraTS20_Training_053,96,TEST,Adaptive_Local,0.3659,0.224,0.6818,0.2501,1056,2879
BraTS20_Training_053,96,TEST,KMeans_K2,0.8681,0.767,0.992,0.7718,2240,2879
BraTS20_Training_053,96,TEST,KMeans_K3,0.8129,0.6848,0.999,0.6853,1975,2879
BraTS20_Training_053,96,TEST,KMeans_K4,0.7469,0.596,1.0,0.596,1716,2879
BraTS20_Training_053,104,TEST,Global_Otsu,0.9011,0.82,0.9953,0.8231,1931,2335
BraTS20_Training_053,104,TEST,Multi_Otsu_3Class,0.8624,0.758,1.0,0.758,1770,2335
BraTS20_Training_053,104,TEST,Adaptive_Local,0.4292,0.2732,0.565,0.346,1430,2335
BraTS20_Training_053,104,TEST,KMeans_K2,0.9008,0.8195,0.9953,0.8227,1930,2335
BraTS20_Training_053,104,TEST,KMeans_K3,0.8604,0.755,1.0,0.755,1763,2335
BraTS20_Training_053,104,TEST,KMeans_K4,0.8372,0.7199,1.0,0.7199,1681,2335
BraTS20_Training_053,112,TEST,Global_Otsu,0.8301,0.7095,0.8173,0.8432,1303,1263
BraTS20_Training_053,112,TEST,Multi_Otsu_3Class,0.7365,0.5829,0.996,0.5843,741,1263
BraTS20_Training_053,112,TEST,Adaptive_Local,0.5749,0.4034,0.6116,0.5424,1120,1263
BraTS20_Training_053,112,TEST,KMeans_K2,0.8301,0.7095,0.8173,0.8432,1303,1263
BraTS20_Training_053,112,TEST,KMeans_K3,0.7299,0.5747,0.9973,0.5756,729,1263
BraTS20_Training_053,112,TEST,KMeans_K4,0.6401,0.4707,0.9983,0.4711,596,1263
BraTS20_Training_053,120,TEST,Global_Otsu,0.1839,0.1013,0.1023,0.9124,1936,217
BraTS20_Training_053,120,TEST,Multi_Otsu_3Class,0.6,0.4286,0.4656,0.8433,393,217
BraTS20_Training_053,120,TEST,Adaptive_Local,0.2688,0.1553,0.1651,0.7235,951,217
BraTS20_Training_053,120,TEST,KMeans_K2,0.1767,0.0969,0.0978,0.9124,2024,217
BraTS20_Training_053,120,TEST,KMeans_K3,0.603,0.4316,0.4692,0.8433,390,217
BraTS20_Training_053,120,TEST,KMeans_K4,0.8365,0.719,0.8744,0.8018,199,217
BraTS20_Training_058,36,DEV,Global_Otsu,0.1146,0.0608,0.0624,0.6947,2515,226
BraTS20_Training_058,36,DEV,Multi_Otsu_3Class,0.4595,0.2983,0.4545,0.4646,231,226
BraTS20_Training_058,36,DEV,Adaptive_Local,0.0556,0.0286,0.0371,0.1106,674,226
BraTS20_Training_058,36,DEV,KMeans_K2,0.1184,0.0629,0.0647,0.6947,2426,226
BraTS20_Training_058,36,DEV,KMeans_K3,0.4595,0.2983,0.4545,0.4646,231,226
BraTS20_Training_058,36,DEV,KMeans_K4,0.1877,0.1036,0.5098,0.115,51,226
BraTS20_Training_058,42,DEV,Global_Otsu,0.386,0.2392,0.2432,0.9361,3253,845
BraTS20_Training_058,42,DEV,Multi_Otsu_3Class,0.5451,0.3747,0.4707,0.6473,1162,845
BraTS20_Training_058,42,DEV,Adaptive_Local,0.2011,0.1118,0.1826,0.2237,1035,845
BraTS20_Training_058,42,DEV,KMeans_K2,0.3927,0.2443,0.2487,0.9337,3173,845
BraTS20_Training_058,42,DEV,KMeans_K3,0.5491,0.3785,0.4712,0.658,1180,845
BraTS20_Training_058,42,DEV,KMeans_K4,0.4802,0.316,0.7577,0.3515,392,845
BraTS20_Training_058,48,DEV,Global_Otsu,0.4762,0.3125,0.3217,0.9161,4072,1430
BraTS20_Training_058,48,DEV,Multi_Otsu_3Class,0.6029,0.4315,0.6417,0.5685,1267,1430
BraTS20_Training_058,48,DEV,Adaptive_Local,0.2247,0.1266,0.241,0.2105,1249,1430
BraTS20_Training_058,48,DEV,KMeans_K2,0.4777,0.3138,0.3233,0.9147,4046,1430
BraTS20_Training_058,48,DEV,KMeans_K3,0.606,0.4347,0.6434,0.5727,1273,1430
BraTS20_Training_058,48,DEV,KMeans_K4,0.4343,0.2774,0.9876,0.2783,403,1430
BraTS20_Training_058,55,DEV,Global_Otsu,0.5415,0.3712,0.3938,0.8661,4550,2069
BraTS20_Training_058,55,DEV,Multi_Otsu_3Class,0.5914,0.4199,0.6741,0.5268,1617,2069
BraTS20_Training_058,55,DEV,Adaptive_Local,0.2575,0.1478,0.3435,0.2059,1240,2069
BraTS20_Training_058,55,DEV,KMeans_K2,0.548,0.3775,0.4052,0.8463,4321,2069
BraTS20_Training_058,55,DEV,KMeans_K3,0.5893,0.4178,0.675,0.523,1603,2069
BraTS20_Training_058,55,DEV,KMeans_K4,0.4769,0.3131,0.7891,0.3417,896,2069
BraTS20_Training_058,61,DEV,Global_Otsu,0.6307,0.4606,0.5015,0.8494,4331,2557
BraTS20_Training_058,61,DEV,Multi_Otsu_3Class,0.6082,0.437,0.899,0.4595,1307,2557
BraTS20_Training_058,61,DEV,Adaptive_Local,0.2359,0.1337,0.3748,0.1721,1174,2557
BraTS20_Training_058,61,DEV,KMeans_K2,0.6406,0.4712,0.5167,0.8428,4171,2557
BraTS20_Training_058,61,DEV,KMeans_K3,0.6082,0.437,0.899,0.4595,1307,2557
BraTS20_Training_058,61,DEV,KMeans_K4,0.377,0.2323,1.0,0.2323,594,2557
BraTS20_Training_058,67,DEV,Global_Otsu,0.5447,0.3743,0.4789,0.6316,3222,2443
BraTS20_Training_058,67,DEV,Multi_Otsu_3Class,0.4774,0.3136,0.9184,0.3226,858,2443
BraTS20_Training_058,67,DEV,Adaptive_Local,0.3106,0.1839,0.5547,0.2157,950,2443
BraTS20_Training_058,67,DEV,KMeans_K2,0.5454,0.375,0.4799,0.6316,3215,2443
BraTS20_Training_058,67,DEV,KMeans_K3,0.4774,0.3136,0.9184,0.3226,858,2443
BraTS20_Training_058,67,DEV,KMeans_K4,0.3637,0.2223,0.9531,0.2247,576,2443
BraTS20_Training_058,74,DEV,Global_Otsu,0.519,0.3505,0.4311,0.652,3069,2029
BraTS20_Training_058,74,DEV,Multi_Otsu_3Class,0.4137,0.2608,0.8993,0.2686,606,2029
BraTS20_Training_058,74,DEV,Adaptive_Local,0.2483,0.1418,0.3475,0.1932,1128,2029
BraTS20_Training_058,74,DEV,KMeans_K2,0.535,0.3652,0.4568,0.6456,2868,2029
BraTS20_Training_058,74,DEV,KMeans_K3,0.4137,0.2608,0.8993,0.2686,606,2029
BraTS20_Training_058,74,DEV,KMeans_K4,0.3204,0.1907,1.0,0.1907,387,2029
BraTS20_Training_058,80,DEV,Global_Otsu,0.4578,0.2969,0.3321,0.7367,3749,1690
BraTS20_Training_058,80,DEV,Multi_Otsu_3Class,0.6186,0.4479,0.9555,0.4574,809,1690
BraTS20_Training_058,80,DEV,Adaptive_Local,0.377,0.2323,0.5091,0.2994,994,1690
BraTS20_Training_058,80,DEV,KMeans_K2,0.4627,0.301,0.3379,0.7337,3670,1690
BraTS20_Training_058,80,DEV,KMeans_K3,0.6186,0.4479,0.9555,0.4574,809,1690
BraTS20_Training_058,80,DEV,KMeans_K4,0.4596,0.2983,0.9883,0.2994,512,1690
BraTS20_Training_058,86,DEV,Global_Otsu,0.3679,0.2254,0.2337,0.8639,3855,1043
BraTS20_Training_058,86,DEV,Multi_Otsu_3Class,0.6917,0.5287,0.9391,0.5475,608,1043
BraTS20_Training_058,86,DEV,Adaptive_Local,0.3498,0.212,0.3883,0.3183,855,1043
BraTS20_Training_058,86,DEV,KMeans_K2,0.3767,0.2321,0.241,0.8619,3730,1043
BraTS20_Training_058,86,DEV,KMeans_K3,0.6893,0.5259,0.9388,0.5446,605,1043
BraTS20_Training_058,86,DEV,KMeans_K4,0.6278,0.4575,0.9459,0.4698,518,1043
BraTS20_Training_058,93,DEV,Global_Otsu,0.0813,0.0424,0.0424,1.0,5358,227
BraTS20_Training_058,93,DEV,Multi_Otsu_3Class,0.2779,0.1614,0.1623,0.9648,1349,227
BraTS20_Training_058,93,DEV,Adaptive_Local,0.1076,0.0569,0.063,0.37,1334,227
BraTS20_Training_058,93,DEV,KMeans_K2,0.0827,0.0431,0.0431,1.0,5263,227
BraTS20_Training_058,93,DEV,KMeans_K3,0.2777,0.1613,0.1622,0.9648,1350,227
BraTS20_Training_058,93,DEV,KMeans_K4,0.5635,0.3922,0.4122,0.8899,490,227
BraTS20_Training_072,55,TEST,Global_Otsu,0.0582,0.03,0.03,1.0,7540,226
BraTS20_Training_072,55,TEST,Multi_Otsu_3Class,0.1259,0.0672,0.0673,0.969,3252,226
BraTS20_Training_072,55,TEST,Adaptive_Local,0.1068,0.0564,0.0585,0.6062,2340,226
BraTS20_Training_072,55,TEST,KMeans_K2,0.0582,0.03,0.03,1.0,7545,226
BraTS20_Training_072,55,TEST,KMeans_K3,0.1255,0.0669,0.0671,0.969,3265,226
BraTS20_Training_072,55,TEST,KMeans_K4,0.2309,0.1305,0.135,0.7965,1333,226
BraTS20_Training_072,62,TEST,Global_Otsu,0.268,0.1547,0.1547,1.0,8959,1386
BraTS20_Training_072,62,TEST,Multi_Otsu_3Class,0.5909,0.4193,0.4363,0.9149,2906,1386
BraTS20_Training_072,62,TEST,Adaptive_Local,0.2415,0.1373,0.1749,0.3903,3094,1386
BraTS20_Training_072,62,TEST,KMeans_K2,0.2775,0.1611,0.1611,1.0,8603,1386
BraTS20_Training_072,62,TEST,KMeans_K3,0.6052,0.4339,0.453,0.9113,2788,1386
BraTS20_Training_072,62,TEST,KMeans_K4,0.7037,0.5429,0.6748,0.7352,1510,1386
BraTS20_Training_072,69,TEST,Global_Otsu,0.3913,0.2432,0.2454,0.9646,7783,1980
BraTS20_Training_072,69,TEST,Multi_Otsu_3Class,0.651,0.4825,0.5355,0.8298,3068,1980
BraTS20_Training_072,69,TEST,Adaptive_Local,0.2385,0.1354,0.1925,0.3131,3220,1980
BraTS20_Training_072,69,TEST,KMeans_K2,0.4004,0.2503,0.2526,0.9646,7561,1980
BraTS20_Training_072,69,TEST,KMeans_K3,0.6509,0.4825,0.5359,0.8288,3062,1980
BraTS20_Training_072,69,TEST,KMeans_K4,0.7132,0.5543,0.8273,0.6268,1500,1980
BraTS20_Training_072,77,TEST,Global_Otsu,0.3477,0.2105,0.2133,0.9415,7845,1777
BraTS20_Training_072,77,TEST,Multi_Otsu_3Class,0.6395,0.4701,0.5146,0.8447,2917,1777
BraTS20_Training_072,77,TEST,Adaptive_Local,0.118,0.0627,0.1042,0.1362,2323,1777
BraTS20_Training_072,77,TEST,KMeans_K2,0.3523,0.2138,0.2169,0.9387,7691,1777
BraTS20_Training_072,77,TEST,KMeans_K3,0.6454,0.4765,0.5251,0.8374,2834,1777
BraTS20_Training_072,77,TEST,KMeans_K4,0.7912,0.6545,0.9561,0.6747,1254,1777
BraTS20_Training_072,84,TEST,Global_Otsu,0.2623,0.1509,0.1511,0.9913,12130,1849
BraTS20_Training_072,84,TEST,Multi_Otsu_3Class,0.7105,0.551,0.5833,0.9086,2880,1849
BraTS20_Training_072,84,TEST,Adaptive_Local,0.1274,0.068,0.1143,0.1439,2328,1849
BraTS20_Training_072,84,TEST,KMeans_K2,0.2641,0.1522,0.1524,0.9913,12031,1849
BraTS20_Training_072,84,TEST,KMeans_K3,0.7213,0.5641,0.599,0.9064,2798,1849
BraTS20_Training_072,84,TEST,KMeans_K4,0.7976,0.6633,0.9087,0.7107,1446,1849
BraTS20_Training_072,92,TEST,Global_Otsu,0.2877,0.168,0.1685,0.9839,10145,1737
BraTS20_Training_072,92,TEST,Multi_Otsu_3Class,0.6864,0.5225,0.5618,0.882,2727,1737
BraTS20_Training_072,92,TEST,Adaptive_Local,0.3103,0.1836,0.2702,0.3644,2343,1737
BraTS20_Training_072,92,TEST,KMeans_K2,0.2991,0.1758,0.1763,0.9839,9692,1737
BraTS20_Training_072,92,TEST,KMeans_K3,0.7008,0.5394,0.5823,0.8797,2624,1737
BraTS20_Training_072,92,TEST,KMeans_K4,0.7891,0.6517,0.9041,0.7001,1345,1737
BraTS20_Training_072,99,TEST,Global_Otsu,0.3589,0.2187,0.2218,0.9411,4825,1137
BraTS20_Training_072,99,TEST,Multi_Otsu_3Class,0.681,0.5163,0.5955,0.7951,1518,1137
BraTS20_Training_072,99,TEST,Adaptive_Local,0.2441,0.139,0.1838,0.3632,2247,1137
BraTS20_Training_072,99,TEST,KMeans_K2,0.359,0.2188,0.2218,0.9411,4824,1137
BraTS20_Training_072,99,TEST,KMeans_K3,0.6864,0.5226,0.6044,0.7942,1494,1137
BraTS20_Training_072,99,TEST,KMeans_K4,0.6228,0.4522,0.8151,0.504,703,1137
BraTS20_Training_072,107,TEST,Global_Otsu,0.2403,0.1366,0.1368,0.9873,6235,864
BraTS20_Training_072,107,TEST,Multi_Otsu_3Class,0.6859,0.5219,0.5862,0.8264,1218,864
BraTS20_Training_072,107,TEST,Adaptive_Local,0.2984,0.1754,0.2056,0.544,2286,864
BraTS20_Training_072,107,TEST,KMeans_K2,0.2521,0.1442,0.1446,0.9815,5864,864
BraTS20_Training_072,107,TEST,KMeans_K3,0.6865,0.5227,0.5865,0.8275,1219,864
BraTS20_Training_072,107,TEST,KMeans_K4,0.7448,0.5934,0.965,0.6065,543,864
BraTS20_Training_072,114,TEST,Global_Otsu,0.1937,0.1073,0.1073,1.0,6564,704
BraTS20_Training_072,114,TEST,Multi_Otsu_3Class,0.5958,0.4243,0.437,0.9361,1508,704
BraTS20_Training_072,114,TEST,Adaptive_Local,0.2554,0.1464,0.1649,0.5653,2413,704
BraTS20_Training_072,114,TEST,KMeans_K2,0.1991,0.1105,0.1105,1.0,6369,704
BraTS20_Training_072,114,TEST,KMeans_K3,0.6051,0.4338,0.4471,0.9361,1474,704
BraTS20_Training_072,114,TEST,KMeans_K4,0.6771,0.5118,0.9608,0.5227,383,704
BraTS20_Training_072,122,TEST,Global_Otsu,0.0873,0.0456,0.0456,0.9955,4842,222
BraTS20_Training_072,122,TEST,Multi_Otsu_3Class,0.2114,0.1182,0.1193,0.9279,1727,222
BraTS20_Training_072,122,TEST,Adaptive_Local,0.1835,0.101,0.1093,0.5721,1162,222
BraTS20_Training_072,122,TEST,KMeans_K2,0.0879,0.046,0.046,0.9955,4808,222
BraTS20_Training_072,122,TEST,KMeans_K3,0.2142,0.12,0.1211,0.9279,1701,222
BraTS20_Training_072,122,TEST,KMeans_K4,0.8613,0.7564,0.9365,0.7973,189,222
BraTS20_Training_112,33,TEST,Global_Otsu,0.0,0.0,0.0,0.0,2172,249
BraTS20_Training_112,33,TEST,Multi_Otsu_3Class,0.0,0.0,0.0,0.0,248,249
BraTS20_Training_112,33,TEST,Adaptive_Local,0.0,0.0,0.0,0.0,198,249
BraTS20_Training_112,33,TEST,KMeans_K2,0.0,0.0,0.0,0.0,2142,249
BraTS20_Training_112,33,TEST,KMeans_K3,0.0,0.0,0.0,0.0,248,249
BraTS20_Training_112,33,TEST,KMeans_K4,0.0,0.0,0.0,0.0,0,249
BraTS20_Training_112,40,TEST,Global_Otsu,0.8118,0.6832,0.7098,0.948,1437,1076
BraTS20_Training_112,40,TEST,Multi_Otsu_3Class,0.7055,0.5449,0.9949,0.5465,591,1076
BraTS20_Training_112,40,TEST,Adaptive_Local,0.7048,0.5442,0.7516,0.6636,950,1076
BraTS20_Training_112,40,TEST,KMeans_K2,0.8246,0.7015,0.7296,0.948,1398,1076
BraTS20_Training_112,40,TEST,KMeans_K3,0.7008,0.5394,0.9949,0.5409,585,1076
BraTS20_Training_112,40,TEST,KMeans_K4,0.5945,0.423,0.9956,0.4238,458,1076
BraTS20_Training_112,48,TEST,Global_Otsu,0.8982,0.8152,0.9277,0.8706,2697,2874
BraTS20_Training_112,48,TEST,Multi_Otsu_3Class,0.7629,0.6167,0.9994,0.6169,1774,2874
BraTS20_Training_112,48,TEST,Adaptive_Local,0.4366,0.2792,0.6799,0.3215,1359,2874
BraTS20_Training_112,48,TEST,KMeans_K2,0.8995,0.8173,0.9308,0.8702,2687,2874
BraTS20_Training_112,48,TEST,KMeans_K3,0.7462,0.5951,0.9994,0.5953,1712,2874
BraTS20_Training_112,48,TEST,KMeans_K4,0.5352,0.3653,1.0,0.3653,1050,2874
BraTS20_Training_112,56,TEST,Global_Otsu,0.8673,0.7658,0.9146,0.8248,3160,3504
BraTS20_Training_112,56,TEST,Multi_Otsu_3Class,0.6358,0.466,1.0,0.466,1633,3504
BraTS20_Training_112,56,TEST,Adaptive_Local,0.3725,0.2288,0.6323,0.264,1463,3504
BraTS20_Training_112,56,TEST,KMeans_K2,0.8673,0.7658,0.9146,0.8248,3160,3504
BraTS20_Training_112,56,TEST,KMeans_K3,0.6481,0.4795,1.0,0.4795,1680,3504
BraTS20_Training_112,56,TEST,KMeans_K4,0.4772,0.3134,1.0,0.3134,1098,3504
BraTS20_Training_112,63,TEST,Global_Otsu,0.8341,0.7154,0.8906,0.7844,3300,3747
BraTS20_Training_112,63,TEST,Multi_Otsu_3Class,0.6798,0.5149,0.9964,0.5159,1940,3747
BraTS20_Training_112,63,TEST,Adaptive_Local,0.3652,0.2234,0.572,0.2682,1757,3747
BraTS20_Training_112,63,TEST,KMeans_K2,0.8331,0.7139,0.8914,0.782,3287,3747
BraTS20_Training_112,63,TEST,KMeans_K3,0.6823,0.5178,0.9964,0.5188,1951,3747
BraTS20_Training_112,63,TEST,KMeans_K4,0.4236,0.2687,1.0,0.2687,1007,3747
BraTS20_Training_112,71,TEST,Global_Otsu,0.8984,0.8155,0.9173,0.8803,3855,4017
BraTS20_Training_112,71,TEST,Multi_Otsu_3Class,0.7181,0.5602,0.9996,0.5604,2252,4017
BraTS20_Training_112,71,TEST,Adaptive_Local,0.2606,0.1498,0.6687,0.1618,972,4017
BraTS20_Training_112,71,TEST,KMeans_K2,0.8969,0.8131,0.9233,0.872,3794,4017
BraTS20_Training_112,71,TEST,KMeans_K3,0.7109,0.5515,0.9995,0.5517,2217,4017
BraTS20_Training_112,71,TEST,KMeans_K4,0.5344,0.3646,0.9993,0.3647,1466,4017
BraTS20_Training_112,79,TEST,Global_Otsu,0.8233,0.6997,0.7279,0.9477,3557,2732
BraTS20_Training_112,79,TEST,Multi_Otsu_3Class,0.8316,0.7117,0.9939,0.7149,1965,2732
BraTS20_Training_112,79,TEST,Adaptive_Local,0.3582,0.2182,0.4111,0.3173,2109,2732
BraTS20_Training_112,79,TEST,KMeans_K2,0.8338,0.7149,0.7457,0.9455,3464,2732
BraTS20_Training_112,79,TEST,KMeans_K3,0.8271,0.7052,0.9938,0.7083,1947,2732
BraTS20_Training_112,79,TEST,KMeans_K4,0.7603,0.6132,0.9994,0.6135,1677,2732
BraTS20_Training_112,86,TEST,Global_Otsu,0.867,0.7652,0.795,0.9534,2780,2318
BraTS20_Training_112,86,TEST,Multi_Otsu_3Class,0.8525,0.7429,0.9954,0.7455,1736,2318
BraTS20_Training_112,86,TEST,Adaptive_Local,0.3355,0.2016,0.4655,0.2623,1306,2318
BraTS20_Training_112,86,TEST,KMeans_K2,0.8688,0.768,0.8016,0.9482,2742,2318
BraTS20_Training_112,86,TEST,KMeans_K3,0.8434,0.7291,0.9953,0.7317,1704,2318
BraTS20_Training_112,86,TEST,KMeans_K4,0.7647,0.6191,1.0,0.6191,1435,2318
BraTS20_Training_112,94,TEST,Global_Otsu,0.7642,0.6184,0.6187,0.9992,2059,1275
BraTS20_Training_112,94,TEST,Multi_Otsu_3Class,0.8866,0.7962,0.999,0.7969,1017,1275
BraTS20_Training_112,94,TEST,Adaptive_Local,0.3839,0.2375,0.3696,0.3992,1377,1275
BraTS20_Training_112,94,TEST,KMeans_K2,0.7685,0.624,0.6246,0.9984,2038,1275
BraTS20_Training_112,94,TEST,KMeans_K3,0.8807,0.7868,0.999,0.7875,1005,1275
BraTS20_Training_112,94,TEST,KMeans_K4,0.826,0.7035,1.0,0.7035,897,1275
BraTS20_Training_112,102,TEST,Global_Otsu,0.1209,0.0643,0.0643,1.0,4446,286
BraTS20_Training_112,102,TEST,Multi_Otsu_3Class,0.3743,0.2303,0.2303,1.0,1242,286
BraTS20_Training_112,102,TEST,Adaptive_Local,0.2814,0.1638,0.1747,0.7238,1185,286
BraTS20_Training_112,102,TEST,KMeans_K2,0.1209,0.0643,0.0643,1.0,4446,286
BraTS20_Training_112,102,TEST,KMeans_K3,0.3918,0.2436,0.2436,1.0,1174,286
BraTS20_Training_112,102,TEST,KMeans_K4,0.8028,0.6706,0.6722,0.9965,424,286
BraTS20_Training_115,78,TEST,Global_Otsu,0.0985,0.0518,0.0518,1.0,5253,272
BraTS20_Training_115,78,TEST,Multi_Otsu_3Class,0.3564,0.2169,0.2197,0.9449,1170,272
BraTS20_Training_115,78,TEST,Adaptive_Local,0.2571,0.1475,0.1637,0.5993,996,272
BraTS20_Training_115,78,TEST,KMeans_K2,0.0986,0.0519,0.0519,1.0,5243,272
BraTS20_Training_115,78,TEST,KMeans_K3,0.3623,0.2213,0.2248,0.9338,1130,272
BraTS20_Training_115,78,TEST,KMeans_K4,0.5007,0.3339,0.3987,0.6728,459,272
BraTS20_Training_115,84,TEST,Global_Otsu,0.4366,0.2793,0.282,0.9661,4138,1208
BraTS20_Training_115,84,TEST,Multi_Otsu_3Class,0.6396,0.4702,0.6047,0.6788,1356,1208
BraTS20_Training_115,84,TEST,Adaptive_Local,0.3398,0.2046,0.3369,0.3427,1229,1208
BraTS20_Training_115,84,TEST,KMeans_K2,0.4429,0.2844,0.2873,0.9661,4062,1208
BraTS20_Training_115,84,TEST,KMeans_K3,0.6217,0.451,0.5632,0.6937,1488,1208
BraTS20_Training_115,84,TEST,KMeans_K4,0.6191,0.4483,0.8354,0.4917,711,1208
BraTS20_Training_115,90,TEST,Global_Otsu,0.7948,0.6595,0.6794,0.9575,2620,1859
BraTS20_Training_115,90,TEST,Multi_Otsu_3Class,0.8474,0.7352,0.8928,0.8063,1679,1859
BraTS20_Training_115,90,TEST,Adaptive_Local,0.2201,0.1237,0.3322,0.1646,921,1859
BraTS20_Training_115,90,TEST,KMeans_K2,0.7966,0.662,0.6825,0.9564,2605,1859
BraTS20_Training_115,90,TEST,KMeans_K3,0.8358,0.7179,0.898,0.7816,1618,1859
BraTS20_Training_115,90,TEST,KMeans_K4,0.7766,0.6347,1.0,0.6347,1180,1859
BraTS20_Training_115,96,TEST,Global_Otsu,0.9055,0.8273,0.8907,0.9208,2114,2045
BraTS20_Training_115,96,TEST,Multi_Otsu_3Class,0.8937,0.8078,1.0,0.8078,1652,2045
BraTS20_Training_115,96,TEST,Adaptive_Local,0.2444,0.1392,0.392,0.1775,926,2045
BraTS20_Training_115,96,TEST,KMeans_K2,0.9036,0.8241,0.8911,0.9164,2103,2045
BraTS20_Training_115,96,TEST,KMeans_K3,0.8901,0.802,1.0,0.802,1640,2045
BraTS20_Training_115,96,TEST,KMeans_K4,0.8502,0.7394,1.0,0.7394,1512,2045
BraTS20_Training_115,102,TEST,Global_Otsu,0.9459,0.8974,0.9909,0.9049,1969,2156
BraTS20_Training_115,102,TEST,Multi_Otsu_3Class,0.8396,0.7236,1.0,0.7236,1560,2156
BraTS20_Training_115,102,TEST,Adaptive_Local,0.394,0.2453,0.6085,0.2913,1032,2156
BraTS20_Training_115,102,TEST,KMeans_K2,0.9459,0.8973,0.9924,0.9035,1963,2156
BraTS20_Training_115,102,TEST,KMeans_K3,0.8474,0.7352,1.0,0.7352,1585,2156
BraTS20_Training_115,102,TEST,KMeans_K4,0.6663,0.4995,1.0,0.4995,1077,2156
BraTS20_Training_115,108,TEST,Global_Otsu,0.9341,0.8763,0.9954,0.8798,1758,1989
BraTS20_Training_115,108,TEST,Multi_Otsu_3Class,0.7315,0.5767,1.0,0.5767,1147,1989
BraTS20_Training_115,108,TEST,Adaptive_Local,0.2783,0.1616,0.4595,0.1996,864,1989
BraTS20_Training_115,108,TEST,KMeans_K2,0.9309,0.8708,0.9954,0.8743,1747,1989
BraTS20_Training_115,108,TEST,KMeans_K3,0.7307,0.5757,1.0,0.5757,1145,1989
BraTS20_Training_115,108,TEST,KMeans_K4,0.652,0.4837,1.0,0.4837,962,1989
BraTS20_Training_115,114,TEST,Global_Otsu,0.9339,0.876,0.9918,0.8824,1831,2058
BraTS20_Training_115,114,TEST,Multi_Otsu_3Class,0.6606,0.4932,1.0,0.4932,1015,2058
BraTS20_Training_115,114,TEST,Adaptive_Local,0.2258,0.1273,0.4303,0.1531,732,2058
BraTS20_Training_115,114,TEST,KMeans_K2,0.9341,0.8764,0.9929,0.8819,1828,2058
BraTS20_Training_115,114,TEST,KMeans_K3,0.6553,0.4874,1.0,0.4874,1003,2058
BraTS20_Training_115,114,TEST,KMeans_K4,0.5947,0.4232,1.0,0.4232,871,2058
BraTS20_Training_115,120,TEST,Global_Otsu,0.7748,0.6324,0.9974,0.6335,1173,1847
BraTS20_Training_115,120,TEST,Multi_Otsu_3Class,0.4254,0.2702,1.0,0.2702,499,1847
BraTS20_Training_115,120,TEST,Adaptive_Local,0.2627,0.1512,0.6764,0.163,445,1847
BraTS20_Training_115,120,TEST,KMeans_K2,0.7748,0.6324,0.9974,0.6335,1173,1847
BraTS20_Training_115,120,TEST,KMeans_K3,0.4274,0.2718,1.0,0.2718,502,1847
BraTS20_Training_115,120,TEST,KMeans_K4,0.1381,0.0742,1.0,0.0742,137,1847
BraTS20_Training_115,126,TEST,Global_Otsu,0.8623,0.758,0.9826,0.7683,1036,1325
BraTS20_Training_115,126,TEST,Multi_Otsu_3Class,0.5212,0.3525,1.0,0.3525,467,1325
BraTS20_Training_115,126,TEST,Adaptive_Local,0.2303,0.1301,0.674,0.1389,273,1325
BraTS20_Training_115,126,TEST,KMeans_K2,0.8614,0.7565,0.9826,0.7668,1034,1325
BraTS20_Training_115,126,TEST,KMeans_K3,0.507,0.3396,1.0,0.3396,450,1325
BraTS20_Training_115,126,TEST,KMeans_K4,0.1572,0.0853,1.0,0.0853,113,1325
BraTS20_Training_115,132,TEST,Global_Otsu,0.809,0.6793,0.6895,0.9787,599,422
BraTS20_Training_115,132,TEST,Multi_Otsu_3Class,0.6236,0.4531,0.9296,0.4692,213,422
BraTS20_Training_115,132,TEST,Adaptive_Local,0.6477,0.479,0.6016,0.7014,492,422
BraTS20_Training_115,132,TEST,KMeans_K2,0.8102,0.681,0.6924,0.9763,595,422
BraTS20_Training_115,132,TEST,KMeans_K3,0.6171,0.4462,0.9286,0.4621,210,422
BraTS20_Training_115,132,TEST,KMeans_K4,0.3018,0.1777,1.0,0.1777,75,422
BraTS20_Training_120,71,TEST,Global_Otsu,0.0857,0.0447,0.0448,0.9955,4938,222
BraTS20_Training_120,71,TEST,Multi_Otsu_3Class,0.4241,0.2691,0.2786,0.8874,707,222
BraTS20_Training_120,71,TEST,Adaptive_Local,0.0996,0.0524,0.0587,0.3288,1244,222
BraTS20_Training_120,71,TEST,KMeans_K2,0.0857,0.0447,0.0448,0.9955,4938,222
BraTS20_Training_120,71,TEST,KMeans_K3,0.4202,0.266,0.278,0.8604,687,222
BraTS20_Training_120,71,TEST,KMeans_K4,0.3302,0.1978,0.2512,0.482,426,222
BraTS20_Training_120,78,TEST,Global_Otsu,0.3612,0.2204,0.2211,0.9867,4379,981
BraTS20_Training_120,78,TEST,Multi_Otsu_3Class,0.6574,0.4896,0.5869,0.7472,1249,981
BraTS20_Training_120,78,TEST,Adaptive_Local,0.1804,0.0992,0.1433,0.2436,1668,981
BraTS20_Training_120,78,TEST,KMeans_K2,0.3861,0.2392,0.2401,0.9847,4023,981
BraTS20_Training_120,78,TEST,KMeans_K3,0.6595,0.492,0.5877,0.7513,1254,981
BraTS20_Training_120,78,TEST,KMeans_K4,0.5767,0.4052,0.6184,0.5403,857,981
BraTS20_Training_120,85,TEST,Global_Otsu,0.7281,0.5724,0.5737,0.996,3946,2273
BraTS20_Training_120,85,TEST,Multi_Otsu_3Class,0.8024,0.6699,0.9579,0.6903,1638,2273
BraTS20_Training_120,85,TEST,Adaptive_Local,0.2224,0.1251,0.2934,0.1791,1387,2273
BraTS20_Training_120,85,TEST,KMeans_K2,0.754,0.6052,0.6066,0.996,3732,2273
BraTS20_Training_120,85,TEST,KMeans_K3,0.8024,0.6699,0.9579,0.6903,1638,2273
BraTS20_Training_120,85,TEST,KMeans_K4,0.6764,0.511,0.9596,0.5222,1237,2273
BraTS20_Training_120,92,TEST,Global_Otsu,0.9503,0.9053,0.9437,0.957,3111,3068
BraTS20_Training_120,92,TEST,Multi_Otsu_3Class,0.8408,0.7253,0.9996,0.7256,2227,3068
BraTS20_Training_120,92,TEST,Adaptive_Local,0.2852,0.1663,0.5109,0.1978,1188,3068
BraTS20_Training_120,92,TEST,KMeans_K2,0.9503,0.9053,0.9437,0.957,3111,3068
BraTS20_Training_120,92,TEST,KMeans_K3,0.839,0.7227,0.9995,0.7229,2219,3068
BraTS20_Training_120,92,TEST,KMeans_K4,0.7182,0.5603,1.0,0.5603,1719,3068
BraTS20_Training_120,99,TEST,Global_Otsu,0.9487,0.9024,0.9981,0.904,3179,3510
BraTS20_Training_120,99,TEST,Multi_Otsu_3Class,0.6765,0.5111,1.0,0.5111,1794,3510
BraTS20_Training_120,99,TEST,Adaptive_Local,0.3768,0.2321,0.687,0.2595,1326,3510
BraTS20_Training_120,99,TEST,KMeans_K2,0.9481,0.9013,0.9981,0.9028,3175,3510
BraTS20_Training_120,99,TEST,KMeans_K3,0.6572,0.4895,1.0,0.4895,1718,3510
BraTS20_Training_120,99,TEST,KMeans_K4,0.4845,0.3197,1.0,0.3197,1122,3510
BraTS20_Training_120,106,TEST,Global_Otsu,0.9264,0.8629,0.9959,0.866,2952,3395
BraTS20_Training_120,106,TEST,Multi_Otsu_3Class,0.7189,0.5611,1.0,0.5611,1905,3395
BraTS20_Training_120,106,TEST,Adaptive_Local,0.4419,0.2836,0.8659,0.2966,1163,3395
BraTS20_Training_120,106,TEST,KMeans_K2,0.9262,0.8626,0.9963,0.8654,2949,3395
BraTS20_Training_120,106,TEST,KMeans_K3,0.7174,0.5594,1.0,0.5594,1899,3395
BraTS20_Training_120,106,TEST,KMeans_K4,0.6219,0.4513,1.0,0.4513,1532,3395
BraTS20_Training_120,113,TEST,Global_Otsu,0.9296,0.8684,0.9629,0.8984,2186,2343
BraTS20_Training_120,113,TEST,Multi_Otsu_3Class,0.7193,0.5617,1.0,0.5617,1316,2343
BraTS20_Training_120,113,TEST,Adaptive_Local,0.4757,0.3121,0.6549,0.3735,1336,2343
BraTS20_Training_120,113,TEST,KMeans_K2,0.9262,0.8625,0.9636,0.8916,2168,2343
BraTS20_Training_120,113,TEST,KMeans_K3,0.6804,0.5156,1.0,0.5156,1208,2343
BraTS20_Training_120,113,TEST,KMeans_K4,0.5452,0.3747,1.0,0.3747,878,2343
BraTS20_Training_120,120,TEST,Global_Otsu,0.897,0.8132,0.851,0.9483,1228,1102
BraTS20_Training_120,120,TEST,Multi_Otsu_3Class,0.6739,0.5082,0.9964,0.5091,563,1102
BraTS20_Training_120,120,TEST,Adaptive_Local,0.2407,0.1368,0.2349,0.2468,1158,1102
BraTS20_Training_120,120,TEST,KMeans_K2,0.8782,0.7828,0.8177,0.9483,1278,1102
BraTS20_Training_120,120,TEST,KMeans_K3,0.6723,0.5063,0.9964,0.5073,561,1102
BraTS20_Training_120,120,TEST,KMeans_K4,0.5744,0.4029,1.0,0.4029,444,1102
BraTS20_Training_120,127,TEST,Global_Otsu,0.9586,0.9205,0.924,0.9959,526,488
BraTS20_Training_120,127,TEST,Multi_Otsu_3Class,0.8984,0.8156,1.0,0.8156,398,488
BraTS20_Training_120,127,TEST,Adaptive_Local,0.5128,0.3448,0.5332,0.4939,452,488
BraTS20_Training_120,127,TEST,KMeans_K2,0.9586,0.9205,0.924,0.9959,526,488
BraTS20_Training_120,127,TEST,KMeans_K3,0.8984,0.8156,1.0,0.8156,398,488
BraTS20_Training_120,127,TEST,KMeans_K4,0.8782,0.7828,1.0,0.7828,382,488
BraTS20_Training_120,135,TEST,Global_Otsu,0.3969,0.2476,0.2476,1.0,824,204
BraTS20_Training_120,135,TEST,Multi_Otsu_3Class,0.8929,0.8065,0.8197,0.9804,244,204
BraTS20_Training_120,135,TEST,Adaptive_Local,0.71,0.5503,0.6357,0.8039,258,204
BraTS20_Training_120,135,TEST,KMeans_K2,0.3973,0.2479,0.2479,1.0,823,204
BraTS20_Training_120,135,TEST,KMeans_K3,0.8929,0.8065,0.8197,0.9804,244,204
BraTS20_Training_120,135,TEST,KMeans_K4,0.721,0.5637,1.0,0.5637,115,204
BraTS20_Training_126,61,DEV,Global_Otsu,0.1261,0.0673,0.0673,1.0,4443,299
BraTS20_Training_126,61,DEV,Multi_Otsu_3Class,0.4509,0.2911,0.3001,0.9064,903,299
BraTS20_Training_126,61,DEV,Adaptive_Local,0.1485,0.0802,0.0972,0.3144,967,299
BraTS20_Training_126,61,DEV,KMeans_K2,0.1301,0.0696,0.0696,1.0,4296,299
BraTS20_Training_126,61,DEV,KMeans_K3,0.4594,0.2982,0.3121,0.8696,833,299
BraTS20_Training_126,61,DEV,KMeans_K4,0.5313,0.3618,0.4798,0.5953,371,299
BraTS20_Training_126,66,DEV,Global_Otsu,0.1811,0.0996,0.0996,1.0,5253,523
BraTS20_Training_126,66,DEV,Multi_Otsu_3Class,0.6041,0.4328,0.4433,0.9484,1119,523
BraTS20_Training_126,66,DEV,Adaptive_Local,0.1566,0.0849,0.1147,0.2467,1125,523
BraTS20_Training_126,66,DEV,KMeans_K2,0.1837,0.1011,0.1011,1.0,5172,523
BraTS20_Training_126,66,DEV,KMeans_K3,0.6049,0.4336,0.444,0.9484,1117,523
BraTS20_Training_126,66,DEV,KMeans_K4,0.785,0.6461,0.7526,0.8203,570,523
BraTS20_Training_126,71,DEV,Global_Otsu,0.2605,0.1498,0.1498,1.0,4747,711
BraTS20_Training_126,71,DEV,Multi_Otsu_3Class,0.769,0.6248,0.6705,0.9015,956,711
BraTS20_Training_126,71,DEV,Adaptive_Local,0.1817,0.0999,0.1544,0.2208,1017,711
BraTS20_Training_126,71,DEV,KMeans_K2,0.2708,0.1566,0.1566,1.0,4540,711
BraTS20_Training_126,71,DEV,KMeans_K3,0.7827,0.643,0.7319,0.8411,817,711
BraTS20_Training_126,71,DEV,KMeans_K4,0.6931,0.5303,0.9249,0.5541,426,711
BraTS20_Training_126,77,DEV,Global_Otsu,0.3162,0.1878,0.1899,0.9448,4055,815
BraTS20_Training_126,77,DEV,Multi_Otsu_3Class,0.6947,0.5323,0.6914,0.6982,823,815
BraTS20_Training_126,77,DEV,Adaptive_Local,0.1629,0.0887,0.1638,0.162,806,815
BraTS20_Training_126,77,DEV,KMeans_K2,0.3189,0.1897,0.1921,0.9374,3977,815
BraTS20_Training_126,77,DEV,KMeans_K3,0.6947,0.5323,0.6914,0.6982,823,815
BraTS20_Training_126,77,DEV,KMeans_K4,0.6635,0.4965,0.9273,0.5166,454,815
BraTS20_Training_126,82,DEV,Global_Otsu,0.415,0.2619,0.2672,0.9291,3533,1016
BraTS20_Training_126,82,DEV,Multi_Otsu_3Class,0.7543,0.6055,0.8992,0.6496,734,1016
BraTS20_Training_126,82,DEV,Adaptive_Local,0.279,0.1621,0.2766,0.2815,1034,1016
BraTS20_Training_126,82,DEV,KMeans_K2,0.4394,0.2815,0.2879,0.9272,3272,1016
BraTS20_Training_126,82,DEV,KMeans_K3,0.7543,0.6055,0.8992,0.6496,734,1016
BraTS20_Training_126,82,DEV,KMeans_K4,0.3234,0.1929,1.0,0.1929,196,1016
BraTS20_Training_126,88,DEV,Global_Otsu,0.537,0.3671,0.3795,0.918,2772,1146
BraTS20_Training_126,88,DEV,Multi_Otsu_3Class,0.6786,0.5135,0.9949,0.5148,593,1146
BraTS20_Training_126,88,DEV,Adaptive_Local,0.4126,0.2599,0.5324,0.3368,725,1146
BraTS20_Training_126,88,DEV,KMeans_K2,0.5635,0.3922,0.4068,0.9162,2581,1146
BraTS20_Training_126,88,DEV,KMeans_K3,0.6786,0.5135,0.9949,0.5148,593,1146
BraTS20_Training_126,88,DEV,KMeans_K4,0.47,0.3072,1.0,0.3072,352,1146
BraTS20_Training_126,93,DEV,Global_Otsu,0.4795,0.3154,0.3196,0.9599,3223,1073
BraTS20_Training_126,93,DEV,Multi_Otsu_3Class,0.7202,0.5627,0.9823,0.5685,621,1073
BraTS20_Training_126,93,DEV,Adaptive_Local,0.4198,0.2656,0.4629,0.384,890,1073
BraTS20_Training_126,93,DEV,KMeans_K2,0.4936,0.3277,0.3324,0.959,3096,1073
BraTS20_Training_126,93,DEV,KMeans_K3,0.7368,0.5833,0.9784,0.5909,648,1073
BraTS20_Training_126,93,DEV,KMeans_K4,0.5261,0.3569,1.0,0.3569,383,1073
BraTS20_Training_126,99,DEV,Global_Otsu,0.3162,0.1878,0.1889,0.9694,3526,687
BraTS20_Training_126,99,DEV,Multi_Otsu_3Class,0.7464,0.5954,0.7348,0.7584,709,687
BraTS20_Training_126,99,DEV,Adaptive_Local,0.3855,0.2388,0.3157,0.4949,1077,687
BraTS20_Training_126,99,DEV,KMeans_K2,0.3153,0.1871,0.1882,0.9694,3538,687
BraTS20_Training_126,99,DEV,KMeans_K3,0.7455,0.5943,0.7345,0.7569,708,687
BraTS20_Training_126,99,DEV,KMeans_K4,0.6061,0.4348,0.9901,0.4367,303,687
BraTS20_Training_126,104,DEV,Global_Otsu,0.2349,0.1331,0.1332,0.9935,3438,461
BraTS20_Training_126,104,DEV,Multi_Otsu_3Class,0.7214,0.5642,0.6038,0.8959,684,461
BraTS20_Training_126,104,DEV,Adaptive_Local,0.3102,0.1835,0.2242,0.5033,1035,461
BraTS20_Training_126,104,DEV,KMeans_K2,0.241,0.137,0.1371,0.9935,3340,461
BraTS20_Training_126,104,DEV,KMeans_K3,0.7785,0.6373,0.6883,0.8959,600,461
BraTS20_Training_126,104,DEV,KMeans_K4,0.8597,0.7539,0.8761,0.8438,444,461
BraTS20_Training_126,110,DEV,Global_Otsu,0.1419,0.0764,0.0764,1.0,3077,235
BraTS20_Training_126,110,DEV,Multi_Otsu_3Class,0.6141,0.4431,0.4511,0.9617,501,235
BraTS20_Training_126,110,DEV,Adaptive_Local,0.2896,0.1693,0.1922,0.5872,718,235
BraTS20_Training_126,110,DEV,KMeans_K2,0.1513,0.0818,0.0818,1.0,2872,235
BraTS20_Training_126,110,DEV,KMeans_K3,0.6125,0.4414,0.4493,0.9617,503,235
BraTS20_Training_126,110,DEV,KMeans_K4,0.7687,0.6243,0.6606,0.9191,327,235
BraTS20_Training_141,91,DEV,Global_Otsu,0.0523,0.0268,0.0268,1.0,10471,281
BraTS20_Training_141,91,DEV,Multi_Otsu_3Class,0.1042,0.055,0.0553,0.9181,4669,281
BraTS20_Training_141,91,DEV,Adaptive_Local,0.1065,0.0563,0.0596,0.5018,2366,281
BraTS20_Training_141,91,DEV,KMeans_K2,0.0532,0.0273,0.0273,0.9964,10244,281
BraTS20_Training_141,91,DEV,KMeans_K3,0.1071,0.0566,0.0569,0.9146,4518,281
BraTS20_Training_141,91,DEV,KMeans_K4,0.2173,0.1219,0.1279,0.7224,1587,281
BraTS20_Training_141,94,DEV,Global_Otsu,0.1163,0.0618,0.062,0.9394,7500,495
BraTS20_Training_141,94,DEV,Multi_Otsu_3Class,0.1956,0.1084,0.1103,0.8626,3870,495
BraTS20_Training_141,94,DEV,Adaptive_Local,0.1798,0.0988,0.1122,0.4525,1997,495
BraTS20_Training_141,94,DEV,KMeans_K2,0.1172,0.0622,0.0625,0.9394,7441,495
BraTS20_Training_141,94,DEV,KMeans_K3,0.1957,0.1084,0.1103,0.8687,3900,495
BraTS20_Training_141,94,DEV,KMeans_K4,0.5008,0.3341,0.4181,0.6242,739,495
BraTS20_Training_141,98,DEV,Global_Otsu,0.169,0.0923,0.0938,0.8518,5822,641
BraTS20_Training_141,98,DEV,Multi_Otsu_3Class,0.4062,0.2548,0.2827,0.7207,1634,641
BraTS20_Training_141,98,DEV,Adaptive_Local,0.1952,0.1081,0.1263,0.429,2177,641
BraTS20_Training_141,98,DEV,KMeans_K2,0.1717,0.0939,0.0955,0.8502,5709,641
BraTS20_Training_141,98,DEV,KMeans_K3,0.438,0.2804,0.3155,0.7161,1455,641
BraTS20_Training_141,98,DEV,KMeans_K4,0.5781,0.4066,0.5306,0.6349,767,641
BraTS20_Training_141,102,DEV,Global_Otsu,0.2039,0.1135,0.1163,0.8283,5891,827
BraTS20_Training_141,102,DEV,Multi_Otsu_3Class,0.4926,0.3267,0.3799,0.7001,1524,827
BraTS20_Training_141,102,DEV,Adaptive_Local,0.2591,0.1488,0.1844,0.4353,1952,827
BraTS20_Training_141,102,DEV,KMeans_K2,0.208,0.116,0.1189,0.8283,5761,827
BraTS20_Training_141,102,DEV,KMeans_K3,0.4956,0.3294,0.3803,0.711,1546,827
BraTS20_Training_141,102,DEV,KMeans_K4,0.6636,0.4966,0.7266,0.6106,695,827
BraTS20_Training_141,106,DEV,Global_Otsu,0.2215,0.1246,0.126,0.9143,5840,805
BraTS20_Training_141,106,DEV,Multi_Otsu_3Class,0.45,0.2903,0.3154,0.7851,2004,805
BraTS20_Training_141,106,DEV,Adaptive_Local,0.2841,0.1655,0.1957,0.518,2131,805
BraTS20_Training_141,106,DEV,KMeans_K2,0.2264,0.1277,0.1293,0.9118,5678,805
BraTS20_Training_141,106,DEV,KMeans_K3,0.425,0.2698,0.2902,0.7938,2202,805
BraTS20_Training_141,106,DEV,KMeans_K4,0.7309,0.5759,0.8955,0.6174,555,805
BraTS20_Training_141,110,DEV,Global_Otsu,0.4969,0.3305,0.3515,0.847,1795,745
BraTS20_Training_141,110,DEV,Multi_Otsu_3Class,0.7795,0.6387,0.8721,0.7047,602,745
BraTS20_Training_141,110,DEV,Adaptive_Local,0.4243,0.2693,0.3633,0.5101,1046,745
BraTS20_Training_141,110,DEV,KMeans_K2,0.5118,0.3439,0.3666,0.847,1721,745
BraTS20_Training_141,110,DEV,KMeans_K3,0.7814,0.6412,0.8686,0.7101,609,745
BraTS20_Training_141,110,DEV,KMeans_K4,0.7021,0.5409,1.0,0.5409,403,745
BraTS20_Training_141,114,DEV,Global_Otsu,0.3222,0.192,0.2033,0.7763,2253,590
BraTS20_Training_141,114,DEV,Multi_Otsu_3Class,0.6721,0.5061,0.7195,0.6305,517,590
BraTS20_Training_141,114,DEV,Adaptive_Local,0.3695,0.2266,0.2886,0.5136,1050,590
BraTS20_Training_141,114,DEV,KMeans_K2,0.3219,0.1918,0.2034,0.7712,2237,590
BraTS20_Training_141,114,DEV,KMeans_K3,0.6661,0.4993,0.7168,0.622,512,590
BraTS20_Training_141,114,DEV,KMeans_K4,0.6682,0.5017,1.0,0.5017,296,590
BraTS20_Training_141,118,DEV,Global_Otsu,0.2812,0.1636,0.1684,0.8524,2435,481
BraTS20_Training_141,118,DEV,Multi_Otsu_3Class,0.773,0.63,0.827,0.7256,422,481
BraTS20_Training_141,118,DEV,Adaptive_Local,0.3543,0.2153,0.252,0.5967,1139,481
BraTS20_Training_141,118,DEV,KMeans_K2,0.2836,0.1652,0.1703,0.8482,2396,481
BraTS20_Training_141,118,DEV,KMeans_K3,0.7785,0.6374,0.8426,0.7235,413,481
BraTS20_Training_141,118,DEV,KMeans_K4,0.6965,0.5343,1.0,0.5343,257,481
BraTS20_Training_141,122,DEV,Global_Otsu,0.2677,0.1545,0.1558,0.9499,2311,379
BraTS20_Training_141,122,DEV,Multi_Otsu_3Class,0.8455,0.7323,0.8193,0.8734,404,379
BraTS20_Training_141,122,DEV,Adaptive_Local,0.3893,0.2417,0.2743,0.6702,926,379
BraTS20_Training_141,122,DEV,KMeans_K2,0.2692,0.1555,0.1568,0.9499,2296,379
BraTS20_Training_141,122,DEV,KMeans_K3,0.8455,0.7323,0.8193,0.8734,404,379
BraTS20_Training_141,122,DEV,KMeans_K4,0.8837,0.7916,1.0,0.7916,300,379
BraTS20_Training_141,126,DEV,Global_Otsu,0.1887,0.1042,0.1048,0.9431,1898,211
BraTS20_Training_141,126,DEV,Multi_Otsu_3Class,0.4863,0.3212,0.35,0.7962,480,211
BraTS20_Training_141,126,DEV,Adaptive_Local,0.3238,0.1932,0.2042,0.782,808,211
BraTS20_Training_141,126,DEV,KMeans_K2,0.1906,0.1053,0.106,0.9431,1877,211
BraTS20_Training_141,126,DEV,KMeans_K3,0.4786,0.3146,0.3422,0.7962,491,211
BraTS20_Training_141,126,DEV,KMeans_K4,0.7956,0.6606,0.9536,0.6825,151,211
BraTS20_Training_217,34,TEST,Global_Otsu,0.0881,0.0461,0.0461,0.9868,4861,227
BraTS20_Training_217,34,TEST,Multi_Otsu_3Class,0.1726,0.0945,0.0948,0.9648,2310,227
BraTS20_Training_217,34,TEST,Adaptive_Local,0.1084,0.0573,0.0593,0.6256,2393,227
BraTS20_Training_217,34,TEST,KMeans_K2,0.0881,0.0461,0.0461,0.9868,4857,227
BraTS20_Training_217,34,TEST,KMeans_K3,0.1805,0.0992,0.0996,0.9648,2199,227
BraTS20_Training_217,34,TEST,KMeans_K4,0.2396,0.1361,0.1417,0.7753,1242,227
BraTS20_Training_217,37,TEST,Global_Otsu,0.2065,0.1152,0.1163,0.9216,3336,421
BraTS20_Training_217,37,TEST,Multi_Otsu_3Class,0.4331,0.2764,0.3072,0.734,1006,421
BraTS20_Training_217,37,TEST,Adaptive_Local,0.2282,0.1288,0.1497,0.4798,1349,421
BraTS20_Training_217,37,TEST,KMeans_K2,0.2068,0.1153,0.1164,0.9216,3332,421
BraTS20_Training_217,37,TEST,KMeans_K3,0.4386,0.2809,0.3128,0.734,988,421
BraTS20_Training_217,37,TEST,KMeans_K4,0.5631,0.3919,1.0,0.3919,165,421
BraTS20_Training_217,41,TEST,Global_Otsu,0.2983,0.1753,0.1804,0.8607,2877,603
BraTS20_Training_217,41,TEST,Multi_Otsu_3Class,0.5938,0.4223,0.4983,0.7347,889,603
BraTS20_Training_217,41,TEST,Adaptive_Local,0.3042,0.1794,0.216,0.5141,1435,603
BraTS20_Training_217,41,TEST,KMeans_K2,0.3079,0.1819,0.1875,0.859,2762,603
BraTS20_Training_217,41,TEST,KMeans_K3,0.5678,0.3964,0.462,0.7363,961,603
BraTS20_Training_217,41,TEST,KMeans_K4,0.5435,0.3731,1.0,0.3731,225,603
BraTS20_Training_217,45,TEST,Global_Otsu,0.2912,0.1704,0.1718,0.9538,4086,736
BraTS20_Training_217,45,TEST,Multi_Otsu_3Class,0.5313,0.3617,0.3931,0.8193,1534,736
BraTS20_Training_217,45,TEST,Adaptive_Local,0.1709,0.0934,0.1156,0.3274,2084,736
BraTS20_Training_217,45,TEST,KMeans_K2,0.2906,0.17,0.1714,0.9538,4095,736
BraTS20_Training_217,45,TEST,KMeans_K3,0.5587,0.3876,0.4315,0.7921,1351,736
BraTS20_Training_217,45,TEST,KMeans_K4,0.75,0.6,0.8476,0.6726,584,736
BraTS20_Training_217,48,TEST,Global_Otsu,0.2837,0.1653,0.1674,0.928,4235,764
BraTS20_Training_217,48,TEST,Multi_Otsu_3Class,0.5861,0.4145,0.4574,0.8154,1362,764
BraTS20_Training_217,48,TEST,Adaptive_Local,0.2471,0.141,0.1732,0.4306,1899,764
BraTS20_Training_217,48,TEST,KMeans_K2,0.2927,0.1714,0.1737,0.928,4081,764
BraTS20_Training_217,48,TEST,KMeans_K3,0.5925,0.4209,0.4665,0.8115,1329,764
BraTS20_Training_217,48,TEST,KMeans_K4,0.722,0.565,0.7394,0.7055,729,764
BraTS20_Training_217,52,TEST,Global_Otsu,0.2493,0.1424,0.1435,0.9516,5751,867
BraTS20_Training_217,52,TEST,Multi_Otsu_3Class,0.5366,0.3667,0.4007,0.812,1757,867
BraTS20_Training_217,52,TEST,Adaptive_Local,0.2623,0.1509,0.2024,0.3725,1596,867
BraTS20_Training_217,52,TEST,KMeans_K2,0.2505,0.1432,0.1442,0.9516,5720,867
BraTS20_Training_217,52,TEST,KMeans_K3,0.5362,0.3663,0.4002,0.812,1759,867
BraTS20_Training_217,52,TEST,KMeans_K4,0.757,0.609,1.0,0.609,528,867
BraTS20_Training_217,56,TEST,Global_Otsu,0.2289,0.1292,0.1302,0.9454,5722,788
BraTS20_Training_217,56,TEST,Multi_Otsu_3Class,0.5199,0.3512,0.3766,0.8388,1755,788
BraTS20_Training_217,56,TEST,Adaptive_Local,0.2576,0.1478,0.1892,0.4036,1681,788
BraTS20_Training_217,56,TEST,KMeans_K2,0.2286,0.129,0.13,0.9454,5731,788
BraTS20_Training_217,56,TEST,KMeans_K3,0.5205,0.3518,0.3773,0.8388,1752,788
BraTS20_Training_217,56,TEST,KMeans_K4,0.8343,0.7157,1.0,0.7157,564,788
BraTS20_Training_217,59,TEST,Global_Otsu,0.1871,0.1032,0.1036,0.9652,6690,718
BraTS20_Training_217,59,TEST,Multi_Otsu_3Class,0.3987,0.249,0.2591,0.8649,2397,718
BraTS20_Training_217,59,TEST,Adaptive_Local,0.3555,0.2161,0.2566,0.578,1617,718
BraTS20_Training_217,59,TEST,KMeans_K2,0.194,0.1074,0.1079,0.961,6395,718
BraTS20_Training_217,59,TEST,KMeans_K3,0.4018,0.2514,0.2622,0.8593,2353,718
BraTS20_Training_217,59,TEST,KMeans_K4,0.823,0.6992,1.0,0.6992,502,718
BraTS20_Training_217,63,TEST,Global_Otsu,0.1189,0.0632,0.0632,0.9914,9141,583
BraTS20_Training_217,63,TEST,Multi_Otsu_3Class,0.2785,0.1617,0.1646,0.9022,3195,583
BraTS20_Training_217,63,TEST,Adaptive_Local,0.2742,0.1589,0.1768,0.6106,2014,583
BraTS20_Training_217,63,TEST,KMeans_K2,0.1195,0.0635,0.0636,0.9914,9093,583
BraTS20_Training_217,63,TEST,KMeans_K3,0.2785,0.1617,0.1646,0.9022,3195,583
BraTS20_Training_217,63,TEST,KMeans_K4,0.5706,0.3992,0.4867,0.6895,826,583
BraTS20_Training_217,67,TEST,Global_Otsu,0.0395,0.0202,0.0202,1.0,12207,246
BraTS20_Training_217,67,TEST,Multi_Otsu_3Class,0.0987,0.0519,0.052,0.9797,4638,246
BraTS20_Training_217,67,TEST,Adaptive_Local,0.1216,0.0648,0.0666,0.6992,2582,246
BraTS20_Training_217,67,TEST,KMeans_K2,0.0396,0.0202,0.0202,1.0,12163,246
BraTS20_Training_217,67,TEST,KMeans_K3,0.0937,0.0491,0.0492,0.9837,4920,246
BraTS20_Training_217,67,TEST,KMeans_K4,0.2795,0.1624,0.1659,0.8862,1314,246
BraTS20_Training_259,70,TEST,Global_Otsu,0.0604,0.0311,0.0313,0.8502,7251,267
BraTS20_Training_259,70,TEST,Multi_Otsu_3Class,0.1054,0.0556,0.057,0.7004,3283,267
BraTS20_Training_259,70,TEST,Adaptive_Local,0.1468,0.0792,0.0843,0.5693,1804,267
BraTS20_Training_259,70,TEST,KMeans_K2,0.0618,0.0319,0.0321,0.8352,6948,267
BraTS20_Training_259,70,TEST,KMeans_K3,0.1102,0.0583,0.0598,0.6966,3108,267
BraTS20_Training_259,70,TEST,KMeans_K4,0.2193,0.1231,0.1386,0.5243,1010,267
BraTS20_Training_259,76,TEST,Global_Otsu,0.2685,0.1551,0.1614,0.7978,6380,1291
BraTS20_Training_259,76,TEST,Multi_Otsu_3Class,0.4034,0.2527,0.3038,0.6003,2551,1291
BraTS20_Training_259,76,TEST,Adaptive_Local,0.2295,0.1296,0.1715,0.347,2613,1291
BraTS20_Training_259,76,TEST,KMeans_K2,0.27,0.156,0.1626,0.7947,6310,1291
BraTS20_Training_259,76,TEST,KMeans_K3,0.4074,0.2558,0.3089,0.598,2499,1291
BraTS20_Training_259,76,TEST,KMeans_K4,0.4146,0.2615,0.439,0.3927,1155,1291
BraTS20_Training_259,82,TEST,Global_Otsu,0.5559,0.385,0.4105,0.8609,4765,2272
BraTS20_Training_259,82,TEST,Multi_Otsu_3Class,0.7279,0.5722,0.8501,0.6364,1701,2272
BraTS20_Training_259,82,TEST,Adaptive_Local,0.2074,0.1157,0.2033,0.2117,2366,2272
BraTS20_Training_259,82,TEST,KMeans_K2,0.5596,0.3885,0.4152,0.8583,4697,2272
BraTS20_Training_259,82,TEST,KMeans_K3,0.7323,0.5777,0.8904,0.6219,1587,2272
BraTS20_Training_259,82,TEST,KMeans_K4,0.7135,0.5546,1.0,0.5546,1260,2272
BraTS20_Training_259,89,TEST,Global_Otsu,0.6876,0.524,0.5727,0.8603,4334,2885
BraTS20_Training_259,89,TEST,Multi_Otsu_3Class,0.808,0.6778,0.9234,0.7182,2244,2885
BraTS20_Training_259,89,TEST,Adaptive_Local,0.2679,0.1547,0.3002,0.2419,2325,2885
BraTS20_Training_259,89,TEST,KMeans_K2,0.6876,0.524,0.5727,0.8603,4334,2885
BraTS20_Training_259,89,TEST,KMeans_K3,0.8082,0.6781,0.9234,0.7185,2245,2885
BraTS20_Training_259,89,TEST,KMeans_K4,0.7568,0.6087,0.9707,0.6201,1843,2885
BraTS20_Training_259,95,TEST,Global_Otsu,0.7301,0.5749,0.66,0.8169,3859,3118
BraTS20_Training_259,95,TEST,Multi_Otsu_3Class,0.6422,0.4729,0.9966,0.4737,1482,3118
BraTS20_Training_259,95,TEST,Adaptive_Local,0.2502,0.143,0.3027,0.2133,2197,3118
BraTS20_Training_259,95,TEST,KMeans_K2,0.7368,0.5833,0.6786,0.806,3703,3118
BraTS20_Training_259,95,TEST,KMeans_K3,0.6318,0.4617,0.9965,0.4625,1447,3118
BraTS20_Training_259,95,TEST,KMeans_K4,0.3803,0.2348,1.0,0.2348,732,3118
BraTS20_Training_259,102,TEST,Global_Otsu,0.7405,0.588,0.7053,0.7796,3179,2876
BraTS20_Training_259,102,TEST,Multi_Otsu_3Class,0.5319,0.3623,1.0,0.3623,1042,2876
BraTS20_Training_259,102,TEST,Adaptive_Local,0.3345,0.2009,0.4277,0.2747,1847,2876
BraTS20_Training_259,102,TEST,KMeans_K2,0.7382,0.585,0.7105,0.7681,3109,2876
BraTS20_Training_259,102,TEST,KMeans_K3,0.5194,0.3508,1.0,0.3508,1009,2876
BraTS20_Training_259,102,TEST,KMeans_K4,0.3756,0.2312,1.0,0.2312,665,2876
BraTS20_Training_259,108,TEST,Global_Otsu,0.7916,0.6551,0.799,0.7843,2453,2499
BraTS20_Training_259,108,TEST,Multi_Otsu_3Class,0.5043,0.3372,0.9918,0.3381,852,2499
BraTS20_Training_259,108,TEST,Adaptive_Local,0.3664,0.2243,0.5056,0.2873,1420,2499
BraTS20_Training_259,108,TEST,KMeans_K2,0.7915,0.6549,0.8034,0.7799,2426,2499
BraTS20_Training_259,108,TEST,KMeans_K3,0.5025,0.3356,0.9917,0.3365,848,2499
BraTS20_Training_259,108,TEST,KMeans_K4,0.3524,0.2139,0.9963,0.2141,537,2499
BraTS20_Training_259,115,TEST,Global_Otsu,0.8357,0.7177,0.9925,0.7216,1327,1825
BraTS20_Training_259,115,TEST,Multi_Otsu_3Class,0.5458,0.3753,1.0,0.3753,685,1825
BraTS20_Training_259,115,TEST,Adaptive_Local,0.3009,0.1771,0.3412,0.269,1439,1825
BraTS20_Training_259,115,TEST,KMeans_K2,0.8368,0.7193,0.9925,0.7233,1330,1825
BraTS20_Training_259,115,TEST,KMeans_K3,0.5458,0.3753,1.0,0.3753,685,1825
BraTS20_Training_259,115,TEST,KMeans_K4,0.5169,0.3485,1.0,0.3485,636,1825
BraTS20_Training_259,121,TEST,Global_Otsu,0.7015,0.5402,0.6108,0.8237,1606,1191
BraTS20_Training_259,121,TEST,Multi_Otsu_3Class,0.5467,0.3762,1.0,0.3762,448,1191
BraTS20_Training_259,121,TEST,Adaptive_Local,0.4314,0.2751,0.3821,0.4954,1544,1191
BraTS20_Training_259,121,TEST,KMeans_K2,0.7031,0.5421,0.6142,0.822,1594,1191
BraTS20_Training_259,121,TEST,KMeans_K3,0.5467,0.3762,1.0,0.3762,448,1191
BraTS20_Training_259,121,TEST,KMeans_K4,0.3331,0.1998,1.0,0.1998,238,1191
BraTS20_Training_259,128,TEST,Global_Otsu,0.2515,0.1438,0.1444,0.9725,1468,218
BraTS20_Training_259,128,TEST,Multi_Otsu_3Class,0.414,0.261,0.2647,0.9495,782,218
BraTS20_Training_259,128,TEST,Adaptive_Local,0.29,0.1696,0.1854,0.6651,782,218
BraTS20_Training_259,128,TEST,KMeans_K2,0.2658,0.1533,0.1542,0.9633,1362,218
BraTS20_Training_259,128,TEST,KMeans_K3,0.4491,0.2895,0.295,0.9404,695,218
BraTS20_Training_259,128,TEST,KMeans_K4,0.8734,0.7753,0.9514,0.8073,185,218
BraTS20_Training_280,64,TEST,Global_Otsu,0.0478,0.0245,0.0245,1.0,8175,200
BraTS20_Training_280,64,TEST,Multi_Otsu_3Class,0.1134,0.0601,0.0604,0.925,3063,200
BraTS20_Training_280,64,TEST,Adaptive_Local,0.0909,0.0476,0.0485,0.725,2991,200
BraTS20_Training_280,64,TEST,KMeans_K2,0.048,0.0246,0.0246,1.0,8139,200
BraTS20_Training_280,64,TEST,KMeans_K3,0.116,0.0616,0.0619,0.925,2990,200
BraTS20_Training_280,64,TEST,KMeans_K4,0.1661,0.0906,0.0936,0.74,1582,200
BraTS20_Training_280,68,TEST,Global_Otsu,0.1132,0.06,0.0601,0.9716,8538,528
BraTS20_Training_280,68,TEST,Multi_Otsu_3Class,0.2387,0.1355,0.1383,0.8693,3318,528
BraTS20_Training_280,68,TEST,Adaptive_Local,0.2035,0.1133,0.12,0.6686,2941,528
BraTS20_Training_280,68,TEST,KMeans_K2,0.1141,0.0605,0.0606,0.9716,8466,528
BraTS20_Training_280,68,TEST,KMeans_K3,0.2455,0.1399,0.1434,0.8542,3146,528
BraTS20_Training_280,68,TEST,KMeans_K4,0.3616,0.2207,0.2434,0.7027,1524,528
BraTS20_Training_280,72,TEST,Global_Otsu,0.2288,0.1292,0.1292,0.999,7370,953
BraTS20_Training_280,72,TEST,Multi_Otsu_3Class,0.6124,0.4414,0.4672,0.8888,1813,953
BraTS20_Training_280,72,TEST,Adaptive_Local,0.2606,0.1498,0.1786,0.4816,2570,953
BraTS20_Training_280,72,TEST,KMeans_K2,0.2363,0.134,0.134,0.999,7105,953
BraTS20_Training_280,72,TEST,KMeans_K3,0.6087,0.4375,0.4628,0.8888,1830,953
BraTS20_Training_280,72,TEST,KMeans_K4,0.8087,0.6789,0.9244,0.7188,741,953
BraTS20_Training_280,77,TEST,Global_Otsu,0.2874,0.1678,0.1683,0.9847,7256,1240
BraTS20_Training_280,77,TEST,Multi_Otsu_3Class,0.8508,0.7403,0.8152,0.8895,1353,1240
BraTS20_Training_280,77,TEST,Adaptive_Local,0.2752,0.1596,0.2024,0.4298,2633,1240
BraTS20_Training_280,77,TEST,KMeans_K2,0.2917,0.1707,0.1712,0.9847,7132,1240
BraTS20_Training_280,77,TEST,KMeans_K3,0.8632,0.7593,0.854,0.8726,1267,1240
BraTS20_Training_280,77,TEST,KMeans_K4,0.8219,0.6976,1.0,0.6976,865,1240
BraTS20_Training_280,81,TEST,Global_Otsu,0.3067,0.1812,0.1816,0.9873,7699,1416
BraTS20_Training_280,81,TEST,Multi_Otsu_3Class,0.7105,0.551,0.6264,0.8206,1855,1416
BraTS20_Training_280,81,TEST,Adaptive_Local,0.2574,0.1477,0.2096,0.3333,2252,1416
BraTS20_Training_280,81,TEST,KMeans_K2,0.3165,0.188,0.1885,0.9852,7399,1416
BraTS20_Training_280,81,TEST,KMeans_K3,0.7105,0.551,0.6264,0.8206,1855,1416
BraTS20_Training_280,81,TEST,KMeans_K4,0.8071,0.6766,1.0,0.6766,958,1416
BraTS20_Training_280,85,TEST,Global_Otsu,0.3118,0.1847,0.1856,0.973,7375,1407
BraTS20_Training_280,85,TEST,Multi_Otsu_3Class,0.7973,0.663,0.7855,0.8095,1450,1407
BraTS20_Training_280,85,TEST,Adaptive_Local,0.1848,0.1018,0.156,0.2267,2045,1407
BraTS20_Training_280,85,TEST,KMeans_K2,0.3206,0.1909,0.1922,0.9666,7077,1407
BraTS20_Training_280,85,TEST,KMeans_K3,0.7979,0.6637,0.7879,0.8081,1443,1407
BraTS20_Training_280,85,TEST,KMeans_K4,0.7773,0.6357,0.9837,0.6425,919,1407
BraTS20_Training_280,90,TEST,Global_Otsu,0.3291,0.1969,0.1985,0.9617,6333,1307
BraTS20_Training_280,90,TEST,Multi_Otsu_3Class,0.6566,0.4887,0.5437,0.8286,1992,1307
BraTS20_Training_280,90,TEST,Adaptive_Local,0.245,0.1396,0.1902,0.3443,2366,1307
BraTS20_Training_280,90,TEST,KMeans_K2,0.3356,0.2017,0.2037,0.9518,6106,1307
BraTS20_Training_280,90,TEST,KMeans_K3,0.6818,0.5173,0.5807,0.8256,1858,1307
BraTS20_Training_280,90,TEST,KMeans_K4,0.815,0.6878,1.0,0.6878,899,1307
BraTS20_Training_280,94,TEST,Global_Otsu,0.3483,0.2109,0.2118,0.9801,4882,1055
BraTS20_Training_280,94,TEST,Multi_Otsu_3Class,0.8685,0.7675,0.8865,0.8512,1013,1055
BraTS20_Training_280,94,TEST,Adaptive_Local,0.2937,0.1721,0.2512,0.3536,1485,1055
BraTS20_Training_280,94,TEST,KMeans_K2,0.3602,0.2197,0.2207,0.9801,4686,1055
BraTS20_Training_280,94,TEST,KMeans_K3,0.9148,0.843,0.9978,0.8445,893,1055
BraTS20_Training_280,94,TEST,KMeans_K4,0.6911,0.528,1.0,0.528,557,1055
BraTS20_Training_280,98,TEST,Global_Otsu,0.2574,0.1477,0.1484,0.9711,4523,691
BraTS20_Training_280,98,TEST,Multi_Otsu_3Class,0.6809,0.5162,0.669,0.6932,716,691
BraTS20_Training_280,98,TEST,Adaptive_Local,0.1834,0.101,0.138,0.2735,1370,691
BraTS20_Training_280,98,TEST,KMeans_K2,0.2642,0.1522,0.1529,0.9711,4389,691
BraTS20_Training_280,98,TEST,KMeans_K3,0.6562,0.4884,0.6184,0.699,781,691
BraTS20_Training_280,98,TEST,KMeans_K4,0.7119,0.5527,0.9948,0.5543,385,691
BraTS20_Training_280,103,TEST,Global_Otsu,0.1004,0.0528,0.0528,1.0,4883,258
BraTS20_Training_280,103,TEST,Multi_Otsu_3Class,0.3656,0.2237,0.2243,0.9884,1137,258
BraTS20_Training_280,103,TEST,Adaptive_Local,0.1475,0.0796,0.0852,0.5504,1667,258
BraTS20_Training_280,103,TEST,KMeans_K2,0.1051,0.0555,0.0555,1.0,4651,258
BraTS20_Training_280,103,TEST,KMeans_K3,0.3781,0.2331,0.2337,0.9884,1091,258
BraTS20_Training_280,103,TEST,KMeans_K4,0.7953,0.6601,0.7057,0.9109,333,258
BraTS20_Training_303,82,TEST,Global_Otsu,0.0385,0.0196,0.0196,0.9746,13714,276
BraTS20_Training_303,82,TEST,Multi_Otsu_3Class,0.0823,0.0429,0.0431,0.8986,5751,276
BraTS20_Training_303,82,TEST,Adaptive_Local,0.1445,0.0779,0.0831,0.5543,1842,276
BraTS20_Training_303,82,TEST,KMeans_K2,0.0384,0.0196,0.0196,0.9746,13748,276
BraTS20_Training_303,82,TEST,KMeans_K3,0.0821,0.0428,0.043,0.8986,5768,276
BraTS20_Training_303,82,TEST,KMeans_K4,0.1857,0.1023,0.1064,0.7283,1889,276
BraTS20_Training_303,87,TEST,Global_Otsu,0.0606,0.0313,0.0313,0.9672,12240,396
BraTS20_Training_303,87,TEST,Multi_Otsu_3Class,0.1123,0.0595,0.0602,0.8308,5461,396
BraTS20_Training_303,87,TEST,Adaptive_Local,0.1446,0.0779,0.0844,0.5025,2357,396
BraTS20_Training_303,87,TEST,KMeans_K2,0.0615,0.0317,0.0317,0.9672,12069,396
BraTS20_Training_303,87,TEST,KMeans_K3,0.114,0.0605,0.0613,0.8182,5286,396
BraTS20_Training_303,87,TEST,KMeans_K4,0.2186,0.1227,0.1329,0.6162,1836,396
BraTS20_Training_303,92,TEST,Global_Otsu,0.1507,0.0815,0.0819,0.9437,9831,853
BraTS20_Training_303,92,TEST,Multi_Otsu_3Class,0.2323,0.1314,0.1377,0.7421,4597,853
BraTS20_Training_303,92,TEST,Adaptive_Local,0.2403,0.1366,0.1699,0.4103,2060,853
BraTS20_Training_303,92,TEST,KMeans_K2,0.1499,0.081,0.0814,0.9437,9889,853
BraTS20_Training_303,92,TEST,KMeans_K3,0.2378,0.1349,0.1407,0.7667,4648,853
BraTS20_Training_303,92,TEST,KMeans_K4,0.3308,0.1982,0.2652,0.4396,1414,853
BraTS20_Training_303,97,TEST,Global_Otsu,0.1962,0.1088,0.1098,0.924,7087,842
BraTS20_Training_303,97,TEST,Multi_Otsu_3Class,0.3723,0.2287,0.2425,0.8017,2784,842
BraTS20_Training_303,97,TEST,Adaptive_Local,0.2786,0.1619,0.2069,0.4264,1735,842
BraTS20_Training_303,97,TEST,KMeans_K2,0.1962,0.1088,0.1098,0.924,7087,842
BraTS20_Training_303,97,TEST,KMeans_K3,0.3737,0.2298,0.2438,0.8005,2765,842
BraTS20_Training_303,97,TEST,KMeans_K4,0.6525,0.4842,0.6667,0.639,807,842
BraTS20_Training_303,102,TEST,Global_Otsu,0.191,0.1056,0.1065,0.9251,8696,1001
BraTS20_Training_303,102,TEST,Multi_Otsu_3Class,0.4635,0.3017,0.351,0.6823,1946,1001
BraTS20_Training_303,102,TEST,Adaptive_Local,0.2926,0.1714,0.2273,0.4106,1808,1001
BraTS20_Training_303,102,TEST,KMeans_K2,0.1911,0.1057,0.1066,0.9241,8678,1001
BraTS20_Training_303,102,TEST,KMeans_K3,0.493,0.3272,0.3892,0.6723,1729,1001
BraTS20_Training_303,102,TEST,KMeans_K4,0.6009,0.4295,0.8574,0.4625,540,1001
BraTS20_Training_303,107,TEST,Global_Otsu,0.143,0.077,0.0794,0.7209,9601,1057
BraTS20_Training_303,107,TEST,Multi_Otsu_3Class,0.2832,0.165,0.2016,0.4759,2495,1057
BraTS20_Training_303,107,TEST,Adaptive_Local,0.2587,0.1486,0.1978,0.3737,1997,1057
BraTS20_Training_303,107,TEST,KMeans_K2,0.1431,0.0771,0.0794,0.7209,9591,1057
BraTS20_Training_303,107,TEST,KMeans_K3,0.2827,0.1646,0.2011,0.4759,2501,1057
BraTS20_Training_303,107,TEST,KMeans_K4,0.3838,0.2375,0.5328,0.2999,595,1057
BraTS20_Training_303,112,TEST,Global_Otsu,0.1669,0.091,0.0947,0.7013,8204,1108
BraTS20_Training_303,112,TEST,Multi_Otsu_3Class,0.342,0.2063,0.2562,0.5144,2225,1108
BraTS20_Training_303,112,TEST,Adaptive_Local,0.2911,0.1703,0.2231,0.4188,2080,1108
BraTS20_Training_303,112,TEST,KMeans_K2,0.1674,0.0913,0.095,0.7013,8177,1108
BraTS20_Training_303,112,TEST,KMeans_K3,0.3296,0.1973,0.2417,0.5181,2375,1108
BraTS20_Training_303,112,TEST,KMeans_K4,0.4896,0.3242,0.5984,0.4143,767,1108
BraTS20_Training_303,117,TEST,Global_Otsu,0.1973,0.1094,0.1122,0.8147,6620,912
BraTS20_Training_303,117,TEST,Multi_Otsu_3Class,0.4136,0.2607,0.3082,0.6283,1859,912
BraTS20_Training_303,117,TEST,Adaptive_Local,0.2173,0.1219,0.1524,0.3783,2264,912
BraTS20_Training_303,117,TEST,KMeans_K2,0.1966,0.109,0.1119,0.8092,6594,912
BraTS20_Training_303,117,TEST,KMeans_K3,0.4104,0.2582,0.3034,0.6338,1905,912
BraTS20_Training_303,117,TEST,KMeans_K4,0.5266,0.3574,0.5269,0.5263,911,912
BraTS20_Training_303,122,TEST,Global_Otsu,0.1926,0.1065,0.1097,0.786,4183,584
BraTS20_Training_303,122,TEST,Multi_Otsu_3Class,0.3731,0.2294,0.2592,0.6661,1501,584
BraTS20_Training_303,122,TEST,Adaptive_Local,0.2662,0.1535,0.1774,0.5325,1753,584
BraTS20_Training_303,122,TEST,KMeans_K2,0.1926,0.1065,0.1097,0.786,4183,584
BraTS20_Training_303,122,TEST,KMeans_K3,0.3541,0.2152,0.2412,0.6661,1613,584
BraTS20_Training_303,122,TEST,KMeans_K4,0.5033,0.3362,0.4813,0.5274,640,584
BraTS20_Training_303,127,TEST,Global_Otsu,0.156,0.0846,0.0865,0.7924,2162,236
BraTS20_Training_303,127,TEST,Multi_Otsu_3Class,0.2182,0.1224,0.133,0.6059,1075,236
BraTS20_Training_303,127,TEST,Adaptive_Local,0.2159,0.121,0.1292,0.6568,1200,236
BraTS20_Training_303,127,TEST,KMeans_K2,0.1551,0.0841,0.086,0.7924,2175,236
BraTS20_Training_303,127,TEST,KMeans_K3,0.222,0.1249,0.1359,0.6059,1052,236
BraTS20_Training_303,127,TEST,KMeans_K4,0.2731,0.1582,0.2128,0.3814,423,236
BraTS20_Training_309,26,TEST,Global_Otsu,0.0,0.0,0.0,0.0,3690,226
BraTS20_Training_309,26,TEST,Multi_Otsu_3Class,0.0,0.0,0.0,0.0,1764,226
BraTS20_Training_309,26,TEST,Adaptive_Local,0.0,0.0,0.0,0.0,965,226
BraTS20_Training_309,26,TEST,KMeans_K2,0.0,0.0,0.0,0.0,3690,226
BraTS20_Training_309,26,TEST,KMeans_K3,0.0,0.0,0.0,0.0,1781,226
BraTS20_Training_309,26,TEST,KMeans_K4,0.0,0.0,0.0,0.0,923,226
BraTS20_Training_309,33,TEST,Global_Otsu,0.0,0.0,0.0,0.0,4149,901
BraTS20_Training_309,33,TEST,Multi_Otsu_3Class,0.0,0.0,0.0,0.0,1893,901
BraTS20_Training_309,33,TEST,Adaptive_Local,0.0,0.0,0.0,0.0,819,901
BraTS20_Training_309,33,TEST,KMeans_K2,0.0,0.0,0.0,0.0,4111,901
BraTS20_Training_309,33,TEST,KMeans_K3,0.0,0.0,0.0,0.0,1867,901
BraTS20_Training_309,33,TEST,KMeans_K4,0.0,0.0,0.0,0.0,1262,901
BraTS20_Training_309,40,TEST,Global_Otsu,0.3944,0.2456,0.2696,0.7341,5129,1884
BraTS20_Training_309,40,TEST,Multi_Otsu_3Class,0.4996,0.333,0.45,0.5616,2351,1884
BraTS20_Training_309,40,TEST,Adaptive_Local,0.4266,0.2711,0.398,0.4597,2176,1884
BraTS20_Training_309,40,TEST,KMeans_K2,0.3917,0.2436,0.267,0.7351,5187,1884
BraTS20_Training_309,40,TEST,KMeans_K3,0.4982,0.3317,0.4532,0.5531,2299,1884
BraTS20_Training_309,40,TEST,KMeans_K4,0.5232,0.3543,0.8554,0.3769,830,1884
BraTS20_Training_309,48,TEST,Global_Otsu,0.4615,0.2999,0.3309,0.7621,6805,2955
BraTS20_Training_309,48,TEST,Multi_Otsu_3Class,0.6309,0.4608,0.7405,0.5496,2193,2955
BraTS20_Training_309,48,TEST,Adaptive_Local,0.4046,0.2536,0.4596,0.3614,2324,2955
BraTS20_Training_309,48,TEST,KMeans_K2,0.4627,0.301,0.3325,0.7607,6761,2955
BraTS20_Training_309,48,TEST,KMeans_K3,0.6292,0.459,0.7438,0.5452,2166,2955
BraTS20_Training_309,48,TEST,KMeans_K4,0.5218,0.353,0.945,0.3604,1127,2955
BraTS20_Training_309,55,TEST,Global_Otsu,0.5667,0.3954,0.4647,0.7261,5647,3614
BraTS20_Training_309,55,TEST,Multi_Otsu_3Class,0.6236,0.4531,0.6839,0.573,3028,3614
BraTS20_Training_309,55,TEST,Adaptive_Local,0.3542,0.2152,0.4163,0.3082,2676,3614
BraTS20_Training_309,55,TEST,KMeans_K2,0.5704,0.399,0.4706,0.7239,5559,3614
BraTS20_Training_309,55,TEST,KMeans_K3,0.6198,0.4491,0.6888,0.5634,2956,3614
BraTS20_Training_309,55,TEST,KMeans_K4,0.4804,0.3161,0.8376,0.3367,1453,3614
BraTS20_Training_309,63,TEST,Global_Otsu,0.4984,0.3319,0.3626,0.797,9018,4103
BraTS20_Training_309,63,TEST,Multi_Otsu_3Class,0.5561,0.3851,0.569,0.5437,3921,4103
BraTS20_Training_309,63,TEST,Adaptive_Local,0.3383,0.2036,0.358,0.3207,3676,4103
BraTS20_Training_309,63,TEST,KMeans_K2,0.4966,0.3304,0.3615,0.7931,9001,4103
BraTS20_Training_309,63,TEST,KMeans_K3,0.5527,0.3819,0.5618,0.544,3973,4103
BraTS20_Training_309,63,TEST,KMeans_K4,0.4758,0.3122,0.726,0.3539,2000,4103
BraTS20_Training_309,70,TEST,Global_Otsu,0.4032,0.2525,0.2665,0.8284,9908,3187
BraTS20_Training_309,70,TEST,Multi_Otsu_3Class,0.5612,0.39,0.5303,0.5959,3581,3187
BraTS20_Training_309,70,TEST,Adaptive_Local,0.3236,0.193,0.3029,0.3473,3655,3187
BraTS20_Training_309,70,TEST,KMeans_K2,0.4081,0.2564,0.2722,0.8149,9540,3187
BraTS20_Training_309,70,TEST,KMeans_K3,0.5556,0.3846,0.5045,0.6181,3905,3187
BraTS20_Training_309,70,TEST,KMeans_K4,0.5713,0.3998,0.751,0.4609,1956,3187
BraTS20_Training_309,78,TEST,Global_Otsu,0.3679,0.2254,0.2327,0.8782,9176,2431
BraTS20_Training_309,78,TEST,Multi_Otsu_3Class,0.4978,0.3314,0.3839,0.7079,4483,2431
BraTS20_Training_309,78,TEST,Adaptive_Local,0.2463,0.1405,0.2422,0.2505,2514,2431
BraTS20_Training_309,78,TEST,KMeans_K2,0.3703,0.2272,0.2347,0.8762,9074,2431
BraTS20_Training_309,78,TEST,KMeans_K3,0.4979,0.3315,0.3885,0.6931,4337,2431
BraTS20_Training_309,78,TEST,KMeans_K4,0.5533,0.3825,0.6134,0.5039,1997,2431
BraTS20_Training_309,85,TEST,Global_Otsu,0.2122,0.1187,0.1194,0.9511,10089,1267
BraTS20_Training_309,85,TEST,Multi_Otsu_3Class,0.3006,0.1769,0.1853,0.7956,5440,1267
BraTS20_Training_309,85,TEST,Adaptive_Local,0.1552,0.0841,0.1245,0.206,2097,1267
BraTS20_Training_309,85,TEST,KMeans_K2,0.2134,0.1194,0.1203,0.9408,9905,1267
BraTS20_Training_309,85,TEST,KMeans_K3,0.3113,0.1843,0.1942,0.7837,5113,1267
BraTS20_Training_309,85,TEST,KMeans_K4,0.4557,0.2951,0.3921,0.5438,1757,1267
BraTS20_Training_309,93,TEST,Global_Otsu,0.0515,0.0264,0.0264,1.0,8246,218
BraTS20_Training_309,93,TEST,Multi_Otsu_3Class,0.1259,0.0672,0.0672,1.0,3245,218
BraTS20_Training_309,93,TEST,Adaptive_Local,0.1587,0.0862,0.0885,0.7661,1887,218
BraTS20_Training_309,93,TEST,KMeans_K2,0.053,0.0272,0.0272,1.0,8011,218
BraTS20_Training_309,93,TEST,KMeans_K3,0.1256,0.067,0.067,1.0,3254,218
BraTS20_Training_309,93,TEST,KMeans_K4,0.2796,0.1625,0.1636,0.9633,1284,218
BraTS20_Training_328,33,DEV,Global_Otsu,0.0,0.0,0.0,0.0,4013,237
BraTS20_Training_328,33,DEV,Multi_Otsu_3Class,0.0,0.0,0.0,0.0,2262,237
BraTS20_Training_328,33,DEV,Adaptive_Local,0.0,0.0,0.0,0.0,446,237
BraTS20_Training_328,33,DEV,KMeans_K2,0.0,0.0,0.0,0.0,4008,237
BraTS20_Training_328,33,DEV,KMeans_K3,0.0,0.0,0.0,0.0,2239,237
BraTS20_Training_328,33,DEV,KMeans_K4,0.0,0.0,0.0,0.0,1021,237
BraTS20_Training_328,43,DEV,Global_Otsu,0.5162,0.3479,0.3529,0.9613,3945,1448
BraTS20_Training_328,43,DEV,Multi_Otsu_3Class,0.8313,0.7114,0.9867,0.7182,1054,1448
BraTS20_Training_328,43,DEV,Adaptive_Local,0.1962,0.1088,0.1991,0.1934,1406,1448
BraTS20_Training_328,43,DEV,KMeans_K2,0.524,0.355,0.3607,0.9572,3842,1448
BraTS20_Training_328,43,DEV,KMeans_K3,0.8317,0.7118,0.9877,0.7182,1053,1448
BraTS20_Training_328,43,DEV,KMeans_K4,0.6587,0.4911,0.9889,0.4938,723,1448
BraTS20_Training_328,54,DEV,Global_Otsu,0.7163,0.558,0.5948,0.9002,3549,2345
BraTS20_Training_328,54,DEV,Multi_Otsu_3Class,0.7312,0.5762,0.766,0.6994,2141,2345
BraTS20_Training_328,54,DEV,Adaptive_Local,0.3094,0.183,0.3018,0.3173,2465,2345
BraTS20_Training_328,54,DEV,KMeans_K2,0.7163,0.558,0.5948,0.9002,3549,2345
BraTS20_Training_328,54,DEV,KMeans_K3,0.7316,0.5767,0.7638,0.7019,2155,2345
BraTS20_Training_328,54,DEV,KMeans_K4,0.602,0.4306,0.8102,0.4789,1386,2345
BraTS20_Training_328,64,DEV,Global_Otsu,0.8683,0.7673,0.9025,0.8367,4429,4777
BraTS20_Training_328,64,DEV,Multi_Otsu_3Class,0.7645,0.6188,0.9293,0.6494,3338,4777
BraTS20_Training_328,64,DEV,Adaptive_Local,0.3022,0.178,0.4495,0.2275,2418,4777
BraTS20_Training_328,64,DEV,KMeans_K2,0.8605,0.7552,0.902,0.8227,4357,4777
BraTS20_Training_328,64,DEV,KMeans_K3,0.7675,0.6228,0.9297,0.6535,3358,4777
BraTS20_Training_328,64,DEV,KMeans_K4,0.6296,0.4594,0.93,0.4758,2444,4777
BraTS20_Training_328,75,DEV,Global_Otsu,0.8601,0.7545,0.959,0.7797,4897,6023
BraTS20_Training_328,75,DEV,Multi_Otsu_3Class,0.7499,0.5999,0.9611,0.6148,3853,6023
BraTS20_Training_328,75,DEV,Adaptive_Local,0.3801,0.2346,0.706,0.26,2218,6023
BraTS20_Training_328,75,DEV,KMeans_K2,0.8571,0.75,0.9589,0.7749,4867,6023
BraTS20_Training_328,75,DEV,KMeans_K3,0.7369,0.5835,0.9608,0.5977,3747,6023
BraTS20_Training_328,75,DEV,KMeans_K4,0.5894,0.4178,0.9617,0.4249,2661,6023
BraTS20_Training_328,85,DEV,Global_Otsu,0.8928,0.8064,0.9961,0.809,5090,6267
BraTS20_Training_328,85,DEV,Multi_Otsu_3Class,0.7907,0.6539,0.9993,0.6542,4103,6267
BraTS20_Training_328,85,DEV,Adaptive_Local,0.3912,0.2432,0.7143,0.2693,2363,6267
BraTS20_Training_328,85,DEV,KMeans_K2,0.8922,0.8054,0.9963,0.8079,5082,6267
BraTS20_Training_328,85,DEV,KMeans_K3,0.7907,0.6539,0.9993,0.6542,4103,6267
BraTS20_Training_328,85,DEV,KMeans_K4,0.6957,0.5334,1.0,0.5334,3343,6267
BraTS20_Training_328,96,DEV,Global_Otsu,0.8984,0.8156,0.9983,0.8167,4834,5909
BraTS20_Training_328,96,DEV,Multi_Otsu_3Class,0.7664,0.6212,0.9986,0.6218,3679,5909
BraTS20_Training_328,96,DEV,Adaptive_Local,0.2967,0.1742,0.6101,0.196,1898,5909
BraTS20_Training_328,96,DEV,KMeans_K2,0.8967,0.8127,0.9983,0.8138,4817,5909
BraTS20_Training_328,96,DEV,KMeans_K3,0.7664,0.6212,0.9986,0.6218,3679,5909
BraTS20_Training_328,96,DEV,KMeans_K4,0.5665,0.3952,1.0,0.3952,2335,5909
BraTS20_Training_328,106,DEV,Global_Otsu,0.8426,0.728,0.984,0.7367,3569,4767
BraTS20_Training_328,106,DEV,Multi_Otsu_3Class,0.701,0.5396,0.9988,0.54,2577,4767
BraTS20_Training_328,106,DEV,Adaptive_Local,0.3132,0.1856,0.4589,0.2377,2469,4767
BraTS20_Training_328,106,DEV,KMeans_K2,0.8418,0.7268,0.984,0.7355,3563,4767
BraTS20_Training_328,106,DEV,KMeans_K3,0.6923,0.5295,0.9992,0.5297,2527,4767
BraTS20_Training_328,106,DEV,KMeans_K4,0.5039,0.3368,0.9994,0.3369,1607,4767
BraTS20_Training_328,117,DEV,Global_Otsu,0.8507,0.7402,0.9421,0.7755,1830,2223
BraTS20_Training_328,117,DEV,Multi_Otsu_3Class,0.7487,0.5984,0.9978,0.5992,1335,2223
BraTS20_Training_328,117,DEV,Adaptive_Local,0.4469,0.2878,0.46,0.4345,2100,2223
BraTS20_Training_328,117,DEV,KMeans_K2,0.8484,0.7367,0.9423,0.7715,1820,2223
BraTS20_Training_328,117,DEV,KMeans_K3,0.7482,0.5978,0.9985,0.5983,1332,2223
BraTS20_Training_328,117,DEV,KMeans_K4,0.5796,0.408,1.0,0.408,907,2223
BraTS20_Training_328,128,DEV,Global_Otsu,0.2964,0.174,0.174,1.0,2023,352
BraTS20_Training_328,128,DEV,Multi_Otsu_3Class,0.6048,0.4335,0.4335,1.0,812,352
BraTS20_Training_328,128,DEV,Adaptive_Local,0.3231,0.1927,0.2061,0.7472,1276,352
BraTS20_Training_328,128,DEV,KMeans_K2,0.2964,0.174,0.174,1.0,2023,352
BraTS20_Training_328,128,DEV,KMeans_K3,0.6074,0.4362,0.4362,1.0,807,352
BraTS20_Training_328,128,DEV,KMeans_K4,0.7321,0.5775,0.9856,0.5824,208,352
BraTS20_Training_347,74,TEST,Global_Otsu,0.1119,0.0593,0.0593,1.0,5890,349
BraTS20_Training_347,74,TEST,Multi_Otsu_3Class,0.2468,0.1407,0.1411,0.9799,2423,349
BraTS20_Training_347,74,TEST,Adaptive_Local,0.1957,0.1085,0.1178,0.5788,1715,349
BraTS20_Training_347,74,TEST,KMeans_K2,0.1131,0.06,0.06,1.0,5821,349
BraTS20_Training_347,74,TEST,KMeans_K3,0.2412,0.1371,0.1375,0.9799,2487,349
BraTS20_Training_347,74,TEST,KMeans_K4,0.4736,0.3103,0.3303,0.8367,884,349
BraTS20_Training_347,80,TEST,Global_Otsu,0.3156,0.1874,0.1909,0.9099,5448,1143
BraTS20_Training_347,80,TEST,Multi_Otsu_3Class,0.7476,0.5969,0.7815,0.7165,1048,1143
BraTS20_Training_347,80,TEST,Adaptive_Local,0.3371,0.2027,0.3014,0.3823,1450,1143
BraTS20_Training_347,80,TEST,KMeans_K2,0.3192,0.1899,0.1936,0.9099,5373,1143
BraTS20_Training_347,80,TEST,KMeans_K3,0.7596,0.6124,0.8197,0.7078,987,1143
BraTS20_Training_347,80,TEST,KMeans_K4,0.6674,0.5009,0.956,0.5127,613,1143
BraTS20_Training_347,87,TEST,Global_Otsu,0.5968,0.4253,0.461,0.8463,4239,2309
BraTS20_Training_347,87,TEST,Multi_Otsu_3Class,0.7792,0.6382,0.9771,0.6479,1531,2309
BraTS20_Training_347,87,TEST,Adaptive_Local,0.2998,0.1763,0.3394,0.2685,1827,2309
BraTS20_Training_347,87,TEST,KMeans_K2,0.6028,0.4314,0.4685,0.845,4164,2309
BraTS20_Training_347,87,TEST,KMeans_K3,0.7696,0.6254,0.9767,0.6349,1501,2309
BraTS20_Training_347,87,TEST,KMeans_K4,0.7095,0.5498,0.9772,0.557,1316,2309
BraTS20_Training_347,94,TEST,Global_Otsu,0.6889,0.5255,0.6076,0.7954,3685,2815
BraTS20_Training_347,94,TEST,Multi_Otsu_3Class,0.755,0.6065,0.9673,0.6192,1802,2815
BraTS20_Training_347,94,TEST,Adaptive_Local,0.3228,0.1925,0.3664,0.2885,2216,2815
BraTS20_Training_347,94,TEST,KMeans_K2,0.696,0.5337,0.6219,0.7901,3576,2815
BraTS20_Training_347,94,TEST,KMeans_K3,0.7529,0.6037,0.9671,0.6163,1794,2815
BraTS20_Training_347,94,TEST,KMeans_K4,0.7114,0.552,1.0,0.552,1554,2815
BraTS20_Training_347,100,TEST,Global_Otsu,0.7073,0.5471,0.6953,0.7196,2990,2889
BraTS20_Training_347,100,TEST,Multi_Otsu_3Class,0.6784,0.5133,0.9339,0.5327,1648,2889
BraTS20_Training_347,100,TEST,Adaptive_Local,0.3514,0.2131,0.4012,0.3126,2251,2889
BraTS20_Training_347,100,TEST,KMeans_K2,0.7174,0.5594,0.716,0.7189,2901,2889
BraTS20_Training_347,100,TEST,KMeans_K3,0.6749,0.5093,0.9334,0.5286,1636,2889
BraTS20_Training_347,100,TEST,KMeans_K4,0.6334,0.4635,1.0,0.4635,1339,2889
BraTS20_Training_347,107,TEST,Global_Otsu,0.6742,0.5085,0.6635,0.6852,2562,2481
BraTS20_Training_347,107,TEST,Multi_Otsu_3Class,0.6549,0.4869,1.0,0.4869,1208,2481
BraTS20_Training_347,107,TEST,Adaptive_Local,0.3808,0.2352,0.4667,0.3216,1710,2481
BraTS20_Training_347,107,TEST,KMeans_K2,0.6723,0.5064,0.658,0.6872,2591,2481
BraTS20_Training_347,107,TEST,KMeans_K3,0.6549,0.4869,1.0,0.4869,1208,2481
BraTS20_Training_347,107,TEST,KMeans_K4,0.6251,0.4547,1.0,0.4547,1128,2481
BraTS20_Training_347,114,TEST,Global_Otsu,0.7505,0.6006,0.7427,0.7584,2122,2078
BraTS20_Training_347,114,TEST,Multi_Otsu_3Class,0.6506,0.4822,1.0,0.4822,1002,2078
BraTS20_Training_347,114,TEST,Adaptive_Local,0.3873,0.2402,0.4294,0.3527,1707,2078
BraTS20_Training_347,114,TEST,KMeans_K2,0.7594,0.6121,0.7632,0.7555,2057,2078
BraTS20_Training_347,114,TEST,KMeans_K3,0.6485,0.4798,1.0,0.4798,997,2078
BraTS20_Training_347,114,TEST,KMeans_K4,0.6248,0.4543,1.0,0.4543,944,2078
BraTS20_Training_347,120,TEST,Global_Otsu,0.8154,0.6884,0.8039,0.8273,1525,1482
BraTS20_Training_347,120,TEST,Multi_Otsu_3Class,0.7023,0.5412,1.0,0.5412,802,1482
BraTS20_Training_347,120,TEST,Adaptive_Local,0.405,0.254,0.4094,0.4008,1451,1482
BraTS20_Training_347,120,TEST,KMeans_K2,0.8172,0.691,0.8094,0.8252,1511,1482
BraTS20_Training_347,120,TEST,KMeans_K3,0.6943,0.5317,1.0,0.5317,788,1482
BraTS20_Training_347,120,TEST,KMeans_K4,0.6328,0.4629,1.0,0.4629,686,1482
BraTS20_Training_347,127,TEST,Global_Otsu,0.9301,0.8692,0.94,0.9203,884,903
BraTS20_Training_347,127,TEST,Multi_Otsu_3Class,0.867,0.7652,1.0,0.7652,691,903
BraTS20_Training_347,127,TEST,Adaptive_Local,0.4085,0.2567,0.375,0.4485,1080,903
BraTS20_Training_347,127,TEST,KMeans_K2,0.9306,0.8702,0.9411,0.9203,883,903
BraTS20_Training_347,127,TEST,KMeans_K3,0.8606,0.7553,1.0,0.7553,682,903
BraTS20_Training_347,127,TEST,KMeans_K4,0.8393,0.7231,1.0,0.7231,653,903
BraTS20_Training_347,134,TEST,Global_Otsu,0.8444,0.7306,0.9602,0.7535,226,288
BraTS20_Training_347,134,TEST,Multi_Otsu_3Class,0.6968,0.5347,1.0,0.5347,154,288
BraTS20_Training_347,134,TEST,Adaptive_Local,0.6711,0.505,0.5416,0.8819,469,288
BraTS20_Training_347,134,TEST,KMeans_K2,0.75,0.6,0.962,0.6146,184,288
BraTS20_Training_347,134,TEST,KMeans_K3,0.6939,0.5312,1.0,0.5312,153,288
BraTS20_Training_347,134,TEST,KMeans_K4,0.5564,0.3854,1.0,0.3854,111,288
